loe,brand,ingredient,company,appl_no,n_patents,substance_patent,approval_date,therapeutic_family,atc_code
2026-08-13,NUEDEXTA,DEXTROMETHORPHAN HYDROBROMIDE; QUINIDINE SULFATE,OTSUKA AMERICA PHARMACEUTICAL INC,021879,1,False,"Oct 29, 2010",Neurology & psychiatry,N06AX
2026-08-19,TEKTURNA,ALISKIREN HEMIFUMARATE,LXO IRELAND DESIGNATED ACTIVITY CO,021985,4,False,"Mar 5, 2007",Cardiovascular,C09DX
2026-08-24,DYMISTA,AZELASTINE HYDROCHLORIDE; FLUTICASONE PROPIONATE,MYLAN SPECIALTY LP,202236,2,False,"May 1, 2012",Respiratory,R01AC
2026-09-22,SENSIPAR,CINACALCET HYDROCHLORIDE,AMGEN INC,021688,6,False,"Mar 8, 2004",Hormonal,H05BX
2026-09-28,SPRYCEL,DASATINIB,BRISTOL MYERS SQUIBB CO,021986,12,True,"Jun 28, 2006",Cancer,L01EA
2026-10-02,VEREGEN,SINECATECHINS,ANI PHARMACEUTICALS INC,021902,1,False,"Oct 31, 2006",Dermatology,D06BB
2026-10-04,ARICEPT,DONEPEZIL HYDROCHLORIDE,EISAI INC,022568,1,False,"Jul 23, 2010",Neurology & psychiatry,N06DA
2026-10-06,SAPHRIS,ASENAPINE MALEATE,ABBVIE INC,022117,21,True,"Aug 13, 2009",Psychiatry,N05AH
2026-10-11,JUVISYNC,SIMVASTATIN; SITAGLIPTIN PHOSPHATE,MERCK SHARP AND DOHME CORP,202343,12,True,"Oct 7, 2011",Diabetes,A10BD
2026-10-12,ANDROGEL,TESTOSTERONE,BESINS HEALTHCARE IRELAND LTD,022309,24,False,"Apr 29, 2011",Genitourinary & hormones,G03BA
2026-10-23,ADASUVE,LOXAPINE,NOVA PNEUMA INC,022549,1,False,"Dec 21, 2012",Psychiatry,N05AH
2026-10-26,SYNRIBO,OMACETAXINE MEPESUCCINATE,TEVA PHARMACEUTICALS INTERNATIONAL GMBH,203585,1,False,"Oct 26, 2012",Cancer,L01XX
2026-11-22,SUMAVEL DOSEPRO,SUMATRIPTAN SUCCINATE,ENDO OPERATIONS LTD,022239,2,False,"Jul 15, 2009",Pain,N02CC
2026-11-28,NAROPIN,ROPIVACAINE HYDROCHLORIDE,FRESENIUS KABI USA LLC,020533,2,False,"May 1, 1998",Neurology & psychiatry,N01BB
2026-12-02,CLINDESSE,CLINDAMYCIN PHOSPHATE,PADAGIS US LLC,050793,1,False,"Nov 30, 2004",Dermatology,D10AF
2026-12-07,PROTONIX,PANTOPRAZOLE SODIUM,WYETH PHARMACEUTICALS LLC,022020,2,False,"Nov 14, 2007",Metabolism & digestive,A02BC
2026-12-12,CORLANOR,IVABRADINE,AMGEN INC,209964,4,True,"Apr 22, 2019",Cardiovascular,C01EB
2026-12-14,SIGNIFOR,PASIREOTIDE DIASPARTATE,RECORDATI RARE DISEASES INC,200677,3,True,"Dec 14, 2012",Hormonal,H01CB
2026-12-19,VYNDAQEL,TAFAMIDIS MEGLUMINE,FOLDRX PHARMACEUTICALS LLC A WHOLLY OWNED SUB OF PFIZER INC,211996,2,True,"May 3, 2019",Neurology & psychiatry,N07XX
2027-01-01,VIBATIV,TELAVANCIN HYDROCHLORIDE,CUMBERLAND PHARMACEUTICALS INC,022110,2,True,"Sep 11, 2009",Infectious disease,J01XA
2027-01-19,STRIVERDI RESPIMAT,OLODATEROL HYDROCHLORIDE,BOEHRINGER INGELHEIM PHARMACEUTICALS INC,203108,1,True,"Jul 31, 2014",Respiratory,R03AC
2027-01-29,KYNAMRO,MIPOMERSEN SODIUM,KASTLE THERAPEUTICS LLC,203568,1,True,"Jan 29, 2013",Cardiovascular,C10AX
2027-01-31,NEVANAC,NEPAFENAC,HARROW EYE LLC,021862,1,False,"Aug 19, 2005",Eye & ear,S01BC
2027-02-01,OVIDE,MALATHION,TARO PHARMACEUTICAL INDUSTRIES LTD,018613,2,True,"Aug 2, 1982",Antiparasitic,P03AX
2027-02-02,LEXISCAN,REGADENOSON,ASTELLAS PHARMA US INC,022161,2,True,"Apr 10, 2008",Cardiovascular,C01EB
2027-02-14,ALTABAX,RETAPAMULIN,ALMIRALL LLC,022055,1,True,"Apr 12, 2007",Dermatology,D06AX
2027-02-24,COLAZAL,BALSALAZIDE DISODIUM,VALEANT PHARMACEUTICALS INTERNATIONAL,020610,4,False,"Jul 18, 2000",Metabolism & digestive,A07EC
2027-02-28,ADVIL ALLERGY SINUS,CHLORPHENIRAMINE MALEATE; IBUPROFEN; PSEUDOEPHEDRINE HYDROCHLORIDE,HALEON US HOLDINGS LLC,021441,1,False,"Dec 19, 2002",Respiratory,R01BA
2027-03-02,ABILIFY,ARIPIPRAZOLE,OTSUKA PHARMACEUTICAL CO LTD,021729,4,False,"Jun 7, 2006",Psychiatry,N05AX
2027-03-02,ABILIFY,ARIPIPRAZOLE,OTSUKA PHARMACEUTICAL CO LTD,021436,12,False,"Nov 15, 2002",Psychiatry,N05AX
2027-03-02,ABILIFY,ARIPIPRAZOLE,OTSUKA PHARMACEUTICAL DEVELOPMENT AND COMMERCIALIZATION INC,021713,1,False,"Dec 10, 2004",Psychiatry,N05AX
2027-03-10,DUAVEE,"BAZEDOXIFENE ACETATE; ESTROGENS, CONJUGATED",WYETH PHARMACEUTICALS LLC,022247,2,True,"Oct 3, 2013",Genitourinary & hormones,G03CC
2027-03-15,VELETRI,EPOPROSTENOL SODIUM,ACTELION PHARMACEUTICALS US INC,022260,4,False,"Jun 27, 2008",Blood,B01AC
2027-03-22,DYLOJECT,DICLOFENAC SODIUM,JAVELIN PHARMACEUTICALS INC A WHOLLY OWNED SUDSIDIARY OF HOSPIRA INC,022396,1,False,"Dec 23, 2014",Musculoskeletal,M01AB
2027-04-02,XIMINO,MINOCYCLINE HYDROCHLORIDE,JOURNEY MEDICAL CORP,201922,9,False,"Jul 11, 2012",Metabolism & digestive,A01AB
2027-04-13,OXTELLAR XR,OXCARBAZEPINE,SUPERNUS PHARMACEUTICALS INC,202810,33,False,"Oct 19, 2012",Epilepsy,N03AF
2027-04-25,CHLORAPREP ONE-STEP,CHLORHEXIDINE GLUCONATE; ISOPROPYL ALCOHOL,BECTON DICKINSON AND CO,020832,3,False,"Jul 14, 2000",Dermatology,D08AC
2027-04-26,VITEKTA,ELVITEGRAVIR,GILEAD SCIENCES INC,203093,12,True,"Sep 24, 2014",Infectious disease,J05AJ
2027-04-30,AMYVID,FLORBETAPIR F-18,AVID RADIOPHARMACEUTICALS INC,202008,8,True,"Apr 6, 2012",Various,V09AX
2027-05-02,LYRICA CR,PREGABALIN,UPJOHN US 2 LLC,209501,24,False,"Oct 11, 2017",Pain,N02BF
2027-05-07,MOXATAG,AMOXICILLIN,PRAGMA PHARMACEUTICALS LLC,050813,3,True,"Jan 23, 2008",Metabolism & digestive,A02BD
2027-05-07,RAPIVAB,PERAMIVIR,BIOCRYST PHARMACEUTICALS INC,206426,5,False,"Dec 19, 2014",Infectious disease,J05AH
2027-05-08,AVEED,TESTOSTERONE UNDECANOATE,ENDO OPERATIONS LTD,022219,2,False,"Mar 5, 2014",Genitourinary & hormones,G03BA
2027-05-24,JANUMET XR,METFORMIN HYDROCHLORIDE; SITAGLIPTIN PHOSPHATE,MERCK SHARP AND DOHME LLC A SUB OF MERCK AND CO INC,202270,6,True,"Feb 2, 2012",Diabetes,A10BA
2027-05-24,JANUVIA,SITAGLIPTIN PHOSPHATE,MERCK SHARP AND DOHME LLC,021995,6,True,"Oct 16, 2006",Diabetes,A10BD
2027-06-01,BALCOLTRA,ETHINYL ESTRADIOL; LEVONORGESTREL,AVION PHARMACEUTICALS LLC,208612,1,True,"Jan 9, 2018",Genitourinary & hormones,G03AA
2027-06-12,CORLANOR,IVABRADINE HYDROCHLORIDE,AMGEN INC,206143,16,True,"Apr 15, 2015",Cardiovascular,C01EB
2027-06-13,LUMIGAN,BIMATOPROST,ABBVIE INC,022184,1,True,"Aug 31, 2010",Eye & ear,S01EE
2027-06-26,PREZISTA,DARUNAVIR,JANSSEN PRODUCTS LP,021976,12,True,"Jun 23, 2006",Infectious disease,J05AE
2027-06-26,PREZISTA,DARUNAVIR,JANSSEN PRODUCTS LP,202895,2,True,"Dec 16, 2011",Infectious disease,J05AE
2027-06-30,ANTIZOL,FOMEPIZOLE,PAR PHARMACEUTICAL INC,020696,1,True,"Dec 4, 1997",Various,V03AB
2027-07-05,PRISTIQ,DESVENLAFAXINE SUCCINATE,PF PRISM CV,021992,3,True,"Feb 29, 2008",Neurology & psychiatry,N06AX
2027-07-08,HALAVEN,ERIBULIN MESYLATE,EISAI INC,201532,2,False,"Nov 15, 2010",Cancer,L01XX
2027-07-18,EPIDUO,ADAPALENE; BENZOYL PEROXIDE,GALDERMA LABORATORIES LP,022320,3,False,"Dec 8, 2008",Dermatology,D10AD
2027-07-23,LEVITRA,VARDENAFIL HYDROCHLORIDE,BAYER HEALTHCARE PHARMACEUTICALS INC,021400,4,False,"Aug 19, 2003",Genitourinary & hormones,G04BE
2027-07-23,ONSOLIS,FENTANYL CITRATE,ADALVO LTD,022266,5,False,"Jul 16, 2009",Pain,N02AB
2027-07-24,ROWASA,MESALAMINE,MYLAN SPECIALTY LP,019618,1,True,"Dec 24, 1987",Metabolism & digestive,A07EC
2027-08-13,VERDESO,DESONIDE,GENUS LIFESCIENCES INC,021978,1,False,"Sep 19, 2006",Dermatology,D07AB
2027-08-17,VISTOGARD,URIDINE TRIACETATE,BTG INTERNATIONAL INC,208159,1,False,"Dec 11, 2015",Metabolism & digestive,A16AX
2027-08-20,FIBRICOR,FENOFIBRIC ACID,ROSEMONT PHARMACEUTICALS LLC,022418,14,False,"Aug 14, 2009",Cardiovascular,C10AB
2027-08-26,ALSUMA,SUMATRIPTAN SUCCINATE,MERIDIAN MEDICAL TECHNOLOGIES INC SUB KING PHARMACEUTICALS INC,022377,1,False,"Jun 29, 2010",Pain,N02CC
2027-08-27,AZILECT,RASAGILINE MESYLATE,TEVA NEUROSCIENCE INC,021641,4,True,"May 16, 2006",Parkinson's,N04BD
2027-09-26,ARGATROBAN IN SODIUM CHLORIDE,ARGATROBAN,CIPLA LTD,022434,2,False,"Jun 29, 2011",Blood,B01AE
2027-09-26,EMEND,APREPITANT,MERCK SHARP AND DOHME LLC,021549,6,False,"Mar 26, 2003",Metabolism & digestive,A04AD
2027-09-26,EMEND,APREPITANT,MERCK SHARP AND DOHME CORP A SUB OF MERCK AND CO INC,207865,1,False,"Dec 17, 2015",Metabolism & digestive,A04AD
2027-09-27,AXIRON,TESTOSTERONE,ELI LILLY AND CO,022504,6,False,"Nov 23, 2010",Genitourinary & hormones,G03BA
2027-10-02,CHLORHEXIDINE GLUCONATE,CHLORHEXIDINE GLUCONATE,SAGE PRODUCTS INC,021669,2,False,"Apr 25, 2005",Eye & ear,S01AX
2027-10-04,BYVALSON,NEBIVOLOL HYDROCHLORIDE; VALSARTAN,ABBVIE INC,206302,2,False,"Jun 3, 2016",Cardiovascular,C07AB
2027-10-16,XYZAL ALLERGY 24HR,LEVOCETIRIZINE DIHYDROCHLORIDE,CHATTEM INC DBA SANOFI CONSUMER HEALTHCARE,209090,1,False,"Jan 31, 2017",Respiratory,R06AE
2027-10-25,AMITIZA,LUBIPROSTONE,SUCAMPO PHARMA AMERICAS LLC,021908,6,False,"Jan 31, 2006",Metabolism & digestive,A06AX
2027-10-27,BELEODAQ,BELINOSTAT,ACROTECH BIOPHARMA INC,206256,2,True,"Jul 3, 2014",Cancer,L01XH
2027-10-31,ELEPSIA XR,LEVETIRACETAM,TRIPOINT THERAPEUTICS,204417,10,False,"Dec 20, 2018",Epilepsy,N03AX
2027-11-11,VICTRELIS,BOCEPREVIR,MERCK SHARP AND DOHME CORP,202258,2,False,"May 13, 2011",Infectious disease,J05AP
2027-11-24,ACULAR LS,KETOROLAC TROMETHAMINE,ABBVIE INC,021528,2,True,"May 30, 2003",Musculoskeletal,M01AB
2027-12-07,TOVIAZ,FESOTERODINE FUMARATE,PFIZER INC,022030,12,False,"Oct 31, 2008",Genitourinary & hormones,G04BD
2027-12-11,VALCYTE,VALGANCICLOVIR HYDROCHLORIDE,CHEPLAPHARM ARZNEIMITTEL GMBH,022257,2,False,"Aug 28, 2009",Infectious disease,J05AB
2027-12-12,TROXYCA ER,NALTREXONE HYDROCHLORIDE; OXYCODONE HYDROCHLORIDE,PFIZER INC,207621,6,False,"Aug 19, 2016",Pain,N02AA
2027-12-18,INCRUSE ELLIPTA,UMECLIDINIUM BROMIDE,GLAXO GROUP LTD ENGLAND DBA GLAXOSMITHKLINE,205382,1,True,"Apr 30, 2014",Respiratory,R03BB
2027-12-19,ORACEA,DOXYCYCLINE,GALDERMA LABORATORIES LP,050805,1,False,"May 26, 2006",Metabolism & digestive,A01AB
2027-12-23,ZONTIVITY,VORAPAXAR SULFATE,KEY THERAPEUTICS LLC,204886,1,True,"May 8, 2014",Blood,B01AC
2027-12-23,LASTACAFT,ALCAFTADINE,ABBVIE INC,022134,2,False,"Jul 28, 2010",Eye & ear,S01GX
2027-12-26,CARDENE,NICARDIPINE HYDROCHLORIDE,CHIESI USA INC,019734,22,False,"Jan 30, 1992",Cardiovascular,C08CA
2027-12-28,TRACLEER,BOSENTAN,ACTELION PHARMACEUTICALS US INC,209279,2,False,"Sep 5, 2017",Cardiovascular,C02KX
2028-01-07,RAYOS,PREDNISONE,HORIZON THERAPEUTICS USA INC,202020,4,False,"Jul 26, 2012",Metabolism & digestive,A07EA
2028-01-09,ATELVIA,RISEDRONATE SODIUM,ALLERGAN PHARMACEUTICALS INTERNATIONAL LTD,022560,3,False,"Oct 8, 2010",Unclassified,
2028-01-12,YUTIQ,FLUOCINOLONE ACETONIDE,ALIMERA SCIENCES INC,210331,2,False,"Oct 12, 2018",Eye & ear,S01BA
2028-01-18,NAYZILAM,MIDAZOLAM,UCB INC,211321,4,False,"May 17, 2019",Psychiatry,N05CD
2028-01-28,NOURIANZ,ISTRADEFYLLINE,KYOWA KIRIN INC,022075,4,False,"Aug 27, 2019",Parkinson's,N04CX
2028-01-30,NATAZIA,DIENOGEST; ESTRADIOL VALERATE,BAYER HEALTHCARE PHARMACEUTICALS INC,022252,2,False,"May 6, 2010",Genitourinary & hormones,G03AA
2028-01-31,DIFICID,FIDAXOMICIN,CUBIST PHARMACEUTICALS LLC,201699,10,True,"May 27, 2011",Metabolism & digestive,A07AA
2028-02-01,PROMACTA,ELTROMBOPAG OLAMINE,NOVARTIS PHARMACEUTICALS CORP,022291,79,True,"Nov 20, 2008",Blood,B02BX
2028-02-01,OMNARIS,CICLESONIDE,AZURITY PHARMACEUTICALS INC,022004,1,False,"Oct 20, 2006",Respiratory,R01AD
2028-02-01,ALVESCO,CICLESONIDE,AZURITY PHARMACEUTICALS INC,021658,2,False,"Jan 10, 2008",Respiratory,R01AD
2028-02-01,ZETONNA,CICLESONIDE,AZURITY PHARMACEUTICALS INC,202129,1,False,"Jan 20, 2012",Respiratory,R01AD
2028-02-05,ZOMETA,ZOLEDRONIC ACID,NOVARTIS PHARMACEUTICALS CORP,021223,1,False,"Aug 20, 2001",Musculoskeletal,M05BA
2028-02-13,PERSERIS KIT,RISPERIDONE,INDIVIOR INC,210655,20,False,"Jul 27, 2018",Psychiatry,N05AX
2028-02-15,INJECTAFER,FERRIC CARBOXYMALTOSE,AMERICAN REGENT INC,203565,90,True,"Jul 25, 2013",Unclassified,
2028-03-08,REVLIMID,LENALIDOMIDE,BRISTOL MYERS SQUIBB,021880,12,True,"Dec 27, 2005",Immunology,L04AX
2028-03-18,ZOLINZA,VORINOSTAT,MERCK SHARP AND DOHME LLC A SUB OF MERCK AND CO INC,021991,3,True,"Oct 6, 2006",Cancer,L01XH
2028-03-26,EDARBI,AZILSARTAN KAMEDOXOMIL,AZURITY PHARMACEUTICALS INC,200796,2,False,"Feb 25, 2011",Cardiovascular,C09CA
2028-03-28,SAVAYSA,EDOXABAN TOSYLATE,DAIICHI SANKYO INC,206316,6,True,"Jan 8, 2015",Blood,B01AF
2028-03-30,VUSION,MICONAZOLE NITRATE; WHITE PETROLATUM; ZINC OXIDE,MYLAN PHARMACEUTICALS INC,021026,1,False,"Feb 16, 2006",Metabolism & digestive,A01AB
2028-04-04,TROKENDI XR,TOPIRAMATE,SUPERNUS PHARMACEUTICALS INC,201635,80,False,"Aug 16, 2013",Metabolism & digestive,A08AA
2028-04-12,MACRILEN,MACIMORELIN ACETATE,AETERNA ZENTARIS GMBH,205598,2,False,"Dec 20, 2017",Various,V04CD
2028-04-30,NICORETTE,NICOTINE POLACRILEX,HALEON US HOLDINGS LLC,020066,1,False,"Feb 9, 1996",Neurology & psychiatry,N07BA
2028-04-30,NICORETTE,NICOTINE POLACRILEX,HALEON US HOLDINGS LLC,018612,1,False,"Feb 9, 1996",Neurology & psychiatry,N07BA
2028-05-01,VERSACLOZ,CLOZAPINE,DOUGLAS PHARMACEUTICALS AMERICA LTD,203479,1,False,"Feb 6, 2013",Psychiatry,N05AH
2028-05-07,SORILUX,CALCIPOTRIENE,MAYNE PHARMA LLC,022563,5,False,"Oct 6, 2010",Dermatology,D05AX
2028-05-16,VENLAFAXINE BESYLATE,VENLAFAXINE BESYLATE,ALMATICA PHARMA LLC,215429,1,False,"Jun 29, 2022",Neurology & psychiatry,N06AX
2028-05-23,DALVANCE,DALBAVANCIN HYDROCHLORIDE,ABBVIE INC,021883,1,False,"May 23, 2014",Infectious disease,J01XA
2028-05-23,SIGNIFOR LAR KIT,PASIREOTIDE PAMOATE,RECORDATI RARE DISEASES INC,203255,15,True,"Dec 15, 2014",Hormonal,H01CB
2028-05-30,INCIVEK,TELAPREVIR,VERTEX PHARMACEUTICALS INC,201917,1,False,"May 23, 2011",Infectious disease,J05AP
2028-05-31,DIFFERIN,ADAPALENE,GALDERMA LABORATORIES LP,022502,3,False,"Mar 17, 2010",Dermatology,D10AD
2028-06-03,DORAL,QUAZEPAM,GALT PHARMACEUTICALS LLC,018708,2,False,"Dec 27, 1985",Psychiatry,N05CD
2028-06-04,ASTEPRO ALLERGY,AZELASTINE HYDROCHLORIDE,BAYER HEALTHCARE CONSUMER CARE,213872,2,False,"Jun 17, 2021",Respiratory,R01AC
2028-06-04,ASTEPRO,AZELASTINE HYDROCHLORIDE,VIATRIS SPECIALTY LLC,022203,2,False,"Oct 15, 2008",Respiratory,R01AC
2028-06-06,CANASA,MESALAMINE,ABBVIE INC,021252,2,False,"Jan 5, 2001",Metabolism & digestive,A07EC
2028-06-08,DUETACT,GLIMEPIRIDE; PIOGLITAZONE HYDROCHLORIDE,TAKEDA PHARMACEUTICALS USA INC,021925,4,False,"Jul 28, 2006",Diabetes,A10BB
2028-06-12,BRIDION,SUGAMMADEX SODIUM,MERCK SHARP AND DOHME LLC A SUB OF MERCK AND CO INC,022225,4,True,"Dec 15, 2015",Various,V03AB
2028-06-13,FARYDAK,PANOBINOSTAT LACTATE,SECURA BIO INC,205353,6,True,"Feb 23, 2015",Cancer,L01XH
2028-06-15,FENTORA,FENTANYL CITRATE,CEPHALON LLC,021947,10,False,"Sep 25, 2006",Pain,N02AB
2028-06-22,OSMOPREP,"SODIUM PHOSPHATE, DIBASIC, ANHYDROUS; SODIUM PHOSPHATE, MONOBASIC, MONOHYDRATE",SALIX PHARMACEUTICALS INC,021892,1,True,"Mar 16, 2006",Metabolism & digestive,A06AD
2028-06-28,VYONDYS 53,GOLODIRSEN,SAREPTA THERAPEUTICS INC,211970,1,False,"Dec 12, 2019",Musculoskeletal,M09AX
2028-07-01,AFINITOR,EVEROLIMUS,NOVARTIS PHARMACEUTICALS CORP,022334,12,False,"Mar 30, 2009",Cancer,L01EG
2028-07-07,YONDELIS,TRABECTEDIN,JANSSEN PRODUCTS LP,207953,2,False,"Oct 23, 2015",Cancer,L01CX
2028-07-09,OSPHENA,OSPEMIFENE,DUCHESNAY INC,203505,4,False,"Feb 26, 2013",Genitourinary & hormones,G03XC
2028-07-13,TEKTURNA HCT,ALISKIREN HEMIFUMARATE; HYDROCHLOROTHIAZIDE,NODEN PHARMA DAC,022107,4,False,"Jan 18, 2008",Cardiovascular,C03AA
2028-08-03,TOBRADEX ST,DEXAMETHASONE; TOBRAMYCIN,HARROW EYE LLC,050818,3,False,"Feb 13, 2009",Eye & ear,S01AA
2028-08-05,RECLAST,ZOLEDRONIC ACID,SANDOZ INC,021817,2,False,"Apr 16, 2007",Musculoskeletal,M05BA
2028-08-06,SYNDROS,DRONABINOL,WELLHOUSE PHARMA LLC,205525,4,True,"Mar 23, 2017",Metabolism & digestive,A04AD
2028-08-08,CAPRELSA,VANDETANIB,GENZYME CORP,022405,2,False,"Apr 6, 2011",Cancer,L01EX
2028-08-12,ROXYBOND,OXYCODONE HYDROCHLORIDE,PROTEGA PHARMACEUTICALS INC,209777,8,False,"Apr 20, 2017",Pain,N02AA
2028-08-12,MORPHABOND ER,MORPHINE SULFATE,OHEMO LIFE SCIENCES INC,206544,8,False,"Oct 2, 2015",Pain,N02AA
2028-08-21,XELJANZ,TOFACITINIB CITRATE,PF PRISM CV,203214,4,True,"Nov 6, 2012",Immunology,L04AF
2028-08-21,XELJANZ,TOFACITINIB CITRATE,PFIZER INC,213082,2,True,"Sep 25, 2020",Immunology,L04AF
2028-08-23,FORFIVO XL,BUPROPION HYDROCHLORIDE,TWI PHARMACEUTICALS INC,022497,1,False,"Nov 10, 2011",Neurology & psychiatry,N06AX
2028-08-26,TWIRLA,ETHINYL ESTRADIOL; LEVONORGESTREL,AGILE THERAPEUTICS INC,204017,3,False,"Feb 14, 2020",Genitourinary & hormones,G03AA
2028-08-30,ENVARSUS XR,TACROLIMUS,VELOXIS PHARMACEUTICALS INC,206406,45,False,"Jul 10, 2015",Dermatology,D11AH
2028-09-01,TOPICORT,DESOXIMETASONE,SUN PHARMA CANADA INC,204141,2,False,"Apr 11, 2013",Dermatology,D07AC
2028-09-10,NEXAVAR,SORAFENIB TOSYLATE,BAYER HEALTHCARE PHARMACEUTICALS INC,021923,4,True,"Dec 20, 2005",Cancer,L01EX
2028-09-13,STIOLTO RESPIMAT,OLODATEROL HYDROCHLORIDE; TIOTROPIUM BROMIDE,BOEHRINGER INGELHEIM PHARMACEUTICALS INC,206756,3,True,"May 21, 2015",Respiratory,R03AC
2028-09-16,VIZAMYL,FLUTEMETAMOL F-18,GE HEALTHCARE,203137,2,False,"Oct 25, 2013",Various,V09AX
2028-09-17,KEPPRA XR,LEVETIRACETAM,UCB INC,022285,2,False,"Sep 12, 2008",Epilepsy,N03AX
2028-09-21,BYDUREON,EXENATIDE SYNTHETIC,ASTRAZENECA AB,022200,72,True,"Jan 27, 2012",Diabetes,A10BJ
2028-10-03,ONMEL,ITRACONAZOLE,SEBELA IRELAND LTD,022484,1,False,"Apr 29, 2010",Infectious disease,J02AC
2028-10-10,PREPOPIK,CITRIC ACID; MAGNESIUM OXIDE; SODIUM PICOSULFATE,FERRING PHARMACEUTICALS INC,202535,2,False,"Jul 16, 2012",Metabolism & digestive,A02AA
2028-10-11,FLO-PRED,PREDNISOLONE ACETATE,SUN PHARMA CANADA INC,022067,4,False,"Jan 17, 2008",Eye & ear,S01BA
2028-10-11,ARCAPTA NEOHALER,INDACATEROL MALEATE,NOVARTIS PHARMACEUTICALS CORP,022383,1,False,"Jul 1, 2011",Respiratory,R03AC
2028-10-15,FLONASE SENSIMIST ALLERGY RELIEF,FLUTICASONE FUROATE,HALEON US HOLDINGS LLC,022051,3,False,"Aug 2, 2016",Respiratory,R01AD
2028-10-16,HEMANGEOL,PROPRANOLOL HYDROCHLORIDE,ETON PHARMACEUTICALS INC,205410,2,False,"Mar 14, 2014",Cardiovascular,C07AA
2028-10-20,UTIBRON NEOHALER,GLYCOPYRROLATE; INDACATEROL MALEATE,NOVARTIS PHARMACEUTICALS CORP,207930,2,False,"Oct 29, 2015",Respiratory,R03AC
2028-10-20,SEEBRI NEOHALER,GLYCOPYRROLATE,NOVARTIS PHARMACEUTICALS CORP,207923,2,False,"Oct 29, 2015",Dermatology,D11AA
2028-11-05,OLUX E,CLOBETASOL PROPIONATE,PHARMOBEDIENT CONSULTING LLC,022013,1,False,"Jan 12, 2007",Dermatology,D07AD
2028-11-07,ILUVIEN,FLUOCINOLONE ACETONIDE,ALIMERA SCIENCES INC,201923,3,False,"Sep 26, 2014",Eye & ear,S01BA
2028-11-30,ONGLYZA,SAXAGLIPTIN HYDROCHLORIDE,ASTRAZENECA AB,022350,2,False,"Jul 31, 2009",Diabetes,A10BD
2028-12-05,LOSEASONIQUE,ETHINYL ESTRADIOL; LEVONORGESTREL,TEVA BRANDED PHARMACEUTICAL PRODUCTS R AND D INC,022262,1,False,"Oct 24, 2008",Genitourinary & hormones,G03AA
2028-12-05,SEASONIQUE,ETHINYL ESTRADIOL; LEVONORGESTREL,TEVA BRANDED PHARMACEUTICAL PRODUCTS R AND D INC,021840,1,False,"May 25, 2006",Genitourinary & hormones,G03AA
2028-12-13,ADDYI,FLIBANSERIN,SPROUT PHARMACEUTICALS INC,022526,1,False,"Aug 18, 2015",Genitourinary & hormones,G02CX
2028-12-14,SUPRAX,CEFIXIME,LUPIN LTD,202091,1,False,"Feb 20, 2013",Infectious disease,J01DD
2028-12-15,ERIVEDGE,VISMODEGIB,GENENTECH INC,203388,2,True,"Jan 30, 2012",Cancer,L01XJ
2028-12-15,REMODULIN,TREPROSTINIL,UNITED THERAPEUTICS CORP,208276,4,True,"Jul 30, 2018",Blood,B01AC
2028-12-23,STAXYN,VARDENAFIL HYDROCHLORIDE,BAYER HEALTHCARE PHARMACEUTICALS INC,200179,1,False,"Jun 17, 2010",Genitourinary & hormones,G04BE
2028-12-26,RYTARY,CARBIDOPA; LEVODOPA,IMPAX LABORATORIES LLC,203312,60,False,"Jan 7, 2015",Parkinson's,N04BA
2029-01-07,LAMICTAL XR,LAMOTRIGINE,GLAXOSMITHKLINE LLC,022115,6,False,"May 29, 2009",Epilepsy,N03AX
2029-01-21,JANUMET,METFORMIN HYDROCHLORIDE; SITAGLIPTIN PHOSPHATE,MERCK SHARP AND DOHME LLC A SUB OF MERCK AND CO INC,022044,8,True,"Mar 30, 2007",Diabetes,A10BA
2029-01-27,ANGIOMAX,BIVALIRUDIN,SANDOZ INC,020873,4,False,"Dec 15, 2000",Blood,B01AE
2029-01-30,LYMPHOSEEK KIT,TECHNETIUM TC-99M TILMANOCEPT,CARDINAL HEALTH 414 LLC CARDINAL HEALTH NUCLEAR PHARMACY SERVICES,202207,1,False,"Mar 13, 2013",Unclassified,
2029-02-02,LO LOESTRIN FE,ETHINYL ESTRADIOL; NORETHINDRONE ACETATE,ALLERGAN PHARMACEUTICALS INTERNATIONAL LTD,022501,1,False,"Oct 21, 2010",Genitourinary & hormones,G03AA
2029-02-02,LO MINASTRIN FE,ETHINYL ESTRADIOL; NORETHINDRONE ACETATE,ALLERGAN PHARMACEUTICALS INTERNATIONAL LTD,204654,1,False,"Jul 24, 2013",Genitourinary & hormones,G03AA
2029-02-03,ACTOPLUS MET,METFORMIN HYDROCHLORIDE; PIOGLITAZONE HYDROCHLORIDE,TAKEDA PHARMACEUTICALS USA INC,021842,4,False,"Aug 29, 2005",Diabetes,A10BA
2029-02-17,COLCRYS,COLCHICINE,TAKEDA PHARMACEUTICALS USA INC,022352,17,False,"Jul 29, 2009",Musculoskeletal,M04AC
2029-02-21,VYZULTA,LATANOPROSTENE BUNOD,BAUSCH AND LOMB INC,207795,1,True,"Nov 2, 2017",Eye & ear,S01EE
2029-02-24,ZIPSOR,DICLOFENAC POTASSIUM,COSETTE PHARMACEUTICALS INC,022202,6,False,"Jun 16, 2009",Musculoskeletal,M01AB
2029-02-28,FINACEA,AZELAIC ACID,LEO PHARMA AS,207071,4,False,"Jul 29, 2015",Dermatology,D10AX
2029-03-05,BROMSITE,BROMFENAC SODIUM,SUN PHARMACEUTICAL INDUSTRIES LTD,206911,1,False,"Apr 8, 2016",Eye & ear,S01BC
2029-03-10,DEXILANT SOLUTAB,DEXLANSOPRAZOLE,TAKEDA PHARMACEUTICALS USA INC,208056,7,False,"Jan 26, 2016",Metabolism & digestive,A02BC
2029-03-11,QUARTETTE,ETHINYL ESTRADIOL; LEVONORGESTREL,TEVA BRANDED PHARMACEUTICAL PRODUCTS R AND D LLC,204061,1,False,"Mar 28, 2013",Genitourinary & hormones,G03AA
2029-03-12,VIRAMUNE XR,NEVIRAPINE,BOEHRINGER INGELHEIM PHARMACEUTICALS INC,201152,1,False,"Mar 25, 2011",Infectious disease,J05AG
2029-03-12,NITROLINGUAL,NITROGLYCERIN,POHL BOSKAMP,018705,1,False,"Oct 31, 1985",Cardiovascular,C01DA
2029-03-12,TIGLUTIK KIT,RILUZOLE,ITALFARMACO SA,209080,1,False,"Sep 5, 2018",Neurology & psychiatry,N07XX
2029-03-13,OLEPTRO,TRAZODONE HYDROCHLORIDE,ANGELINI PHARMA INC,022411,4,True,"Feb 2, 2010",Neurology & psychiatry,N06AX
2029-03-13,TUDORZA PRESSAIR,ACLIDINIUM BROMIDE,AZURITY PHARMACEUTICALS INC,202450,2,False,"Jul 23, 2012",Respiratory,R03BB
2029-03-13,DUAKLIR PRESSAIR,ACLIDINIUM BROMIDE; FORMOTEROL FUMARATE,AZURITY PHARMACEUTICALS SWITZERLAND GMBH,210595,2,False,"Mar 29, 2019",Respiratory,R03AC
2029-03-13,DESYREL,TRAZODONE HYDROCHLORIDE,PRAGMA PHARMACEUTICALS LLC,018207,4,True,"Approved Prior to Jan 1, 1982",Neurology & psychiatry,N06AX
2029-03-13,RALDESY,TRAZODONE HYDROCHLORIDE,KAMAT PHARMATECH LLC,218637,1,True,"Nov 26, 2024",Neurology & psychiatry,N06AX
2029-03-14,SUPRENZA,PHENTERMINE HYDROCHLORIDE,CITIUS PHARMACEUTICALS LLC,202088,3,False,"Jun 13, 2011",Metabolism & digestive,A08AA
2029-03-19,SIRTURO,BEDAQUILINE FUMARATE,JANSSEN THERAPEUTICS DIV JANSSEN PRODUCTS LP,204384,4,True,"Dec 28, 2012",Infectious disease,J04AK
2029-03-22,JAKAFI,RUXOLITINIB PHOSPHATE,INCYTE CORP,202192,145,True,"Nov 16, 2011",Dermatology,D11AH
2029-03-22,NUCYNTA ER,TAPENTADOL HYDROCHLORIDE,COLLEGIUM PHARMACEUTICAL INC,200533,25,False,"Aug 25, 2011",Pain,N02AX
2029-03-29,REMODULIN,TREPROSTINIL,UNITED THERAPEUTICS CORP,021272,40,True,"May 21, 2002",Blood,B01AC
2029-03-29,TUZISTRA XR,CHLORPHENIRAMINE POLISTIREX; CODEINE POLISTIREX,TRIS PHARMA INC,207768,2,False,"Apr 30, 2015",Respiratory,R05DA
2029-03-29,KARBINAL ER,CARBINOXAMINE MALEATE,AYTU BIOSCIENCE INC,022556,2,False,"Mar 28, 2013",Respiratory,R06AA
2029-04-06,BRISDELLE,PAROXETINE MESYLATE,LEGACY PHARMA INC SEZC,204516,3,True,"Jun 28, 2013",Neurology & psychiatry,N06AB
2029-04-09,NULIBRY,FOSDENOPTERIN HYDROBROMIDE,SENTYNL THERAPEUTICS INC,214018,1,False,"Feb 26, 2021",Metabolism & digestive,A16AX
2029-04-17,TRIFERIC,FERRIC PYROPHOSPHATE CITRATE,ROCKWELL MEDICAL INC,206317,1,False,"Jan 23, 2015",Unclassified,
2029-04-17,TRIFERIC,FERRIC PYROPHOSPHATE CITRATE,ROCKWELL MEDICAL INC,208551,2,False,"Apr 25, 2016",Unclassified,
2029-04-17,TRIFERIC AVNU,FERRIC PYROPHOSPHATE CITRATE,ROCKWELL MEDICAL INC,212860,1,True,"Mar 27, 2020",Unclassified,
2029-04-28,ATRIPLA,EFAVIRENZ; EMTRICITABINE; TENOFOVIR DISOPROXIL FUMARATE,GILEAD SCIENCES LLC,021937,5,False,"Jul 12, 2006",Infectious disease,J05AF
2029-05-21,MITOSOL,MITOMYCIN,GLAUKOS CORP,022572,5,True,"Feb 7, 2012",Cancer,L01DC
2029-05-24,KAZANO,ALOGLIPTIN BENZOATE; METFORMIN HYDROCHLORIDE,TAKEDA PHARMACEUTICALS USA INC,203414,4,True,"Jan 25, 2013",Diabetes,A10BA
2029-05-28,ZIOPTAN,TAFLUPROST,THEA PHARMA INC,202514,2,False,"Feb 10, 2012",Eye & ear,S01EE
2029-05-29,MOXEZA,MOXIFLOXACIN HYDROCHLORIDE,HARROW EYE LLC,022428,2,False,"Nov 19, 2010",Infectious disease,J01MA
2029-06-01,RASUVO,METHOTREXATE,MEDEXUS PHARMA INC,205776,10,False,"Jul 10, 2014",Cancer,L01BA
2029-06-02,VERKAZIA,CYCLOSPORINE,HARROW EYE LLC,214965,7,False,"Jun 23, 2021",Immunology,L04AD
2029-06-04,OSENI,ALOGLIPTIN BENZOATE; PIOGLITAZONE HYDROCHLORIDE,TAKEDA PHARMACEUTICALS USA INC,022426,12,True,"Jan 25, 2013",Diabetes,A10BD
2029-06-10,HORIZANT,GABAPENTIN ENACARBIL,AZURITY PHARMACEUTICALS INC,022399,8,True,"Apr 6, 2011",Pain,N02BF
2029-06-14,QSYMIA,PHENTERMINE HYDROCHLORIDE; TOPIRAMATE,VIVUS LLC,022580,24,False,"Jul 17, 2012",Metabolism & digestive,A08AA
2029-06-14,NICORETTE,NICOTINE POLACRILEX,HALEON US HOLDINGS LLC,022360,4,False,"May 18, 2009",Neurology & psychiatry,N07BA
2029-06-16,NESINA,ALOGLIPTIN BENZOATE,TAKEDA PHARMACEUTICALS USA INC,022271,6,True,"Jan 25, 2013",Diabetes,A10BH
2029-06-30,TRIPTODUR KIT,TRIPTORELIN PAMOATE,AZURITY PHARMACEUTICALS INC,208956,1,False,"Jun 29, 2017",Cancer,L02AE
2029-06-30,TRELSTAR,TRIPTORELIN PAMOATE,VERITY PHARMACEUTICALS INC,022437,1,False,"Mar 10, 2010",Cancer,L02AE
2029-07-08,VALCHLOR,MECHLORETHAMINE HYDROCHLORIDE,HELSINN BIREX PHARMACEUTICALS LTD,202317,6,False,"Aug 23, 2013",Cancer,L01AA
2029-07-13,RUKOBIA,FOSTEMSAVIR TROMETHAMINE,VIIV HEALTHCARE CO,212950,2,True,"Jul 2, 2020",Infectious disease,J05AX
2029-07-26,ZOKINVY,LONAFARNIB,SENTYNL THERAPEUTICS INC,213969,2,False,"Nov 20, 2020",Metabolism & digestive,A16AX
2029-07-31,VANTRELA ER,HYDROCODONE BITARTRATE,TEVA BRANDED PHARMACEUTICAL PRODUCTS R AND D INC,207975,15,False,"Jan 17, 2017",Pain,N02AJ
2029-08-05,ACANYA,BENZOYL PEROXIDE; CLINDAMYCIN PHOSPHATE,BAUSCH HEALTH AMERICAS INC,050819,19,False,"Oct 23, 2008",Dermatology,D10AE
2029-08-15,ACUVAIL,KETOROLAC TROMETHAMINE,ABBVIE INC,022427,3,True,"Jul 22, 2009",Musculoskeletal,M01AB
2029-08-20,INTERMEZZO,ZOLPIDEM TARTRATE,PURDUE PHARMA PRODUCTS LP,022328,4,False,"Nov 23, 2011",Psychiatry,N05CF
2029-08-24,MYDAYIS,AMPHETAMINE ASPARTATE; AMPHETAMINE SULFATE; DEXTROAMPHETAMINE SACCHARATE; DEXTROAMPHETAMINE SULFATE,TAKEDA PHARMACEUTICALS USA INC,022063,8,False,"Jun 20, 2017",Neurology & psychiatry,N06BA
2029-08-26,INVOKAMET XR,CANAGLIFLOZIN; METFORMIN HYDROCHLORIDE,JANSSEN PHARMACEUTICALS INC,205879,40,True,"Sep 20, 2016",Diabetes,A10BA
2029-08-26,INVOKANA,CANAGLIFLOZIN,JANSSEN PHARMACEUTICALS INC,204042,20,True,"Mar 29, 2013",Diabetes,A10BD
2029-09-05,OLYSIO,SIMEPREVIR SODIUM,JANSSEN PRODUCTS LP,205123,8,True,"Nov 22, 2013",Infectious disease,J05AP
2029-09-08,MIRAPEX ER,PRAMIPEXOLE DIHYDROCHLORIDE,BOEHRINGER INGELHEIM PHARMACEUTICALS INC,022421,14,False,"Feb 19, 2010",Parkinson's,N04BC
2029-09-11,ISENTRESS,RALTEGRAVIR POTASSIUM,MERCK SHARP AND DOHME LLC A SUB OF MERCK AND CO INC,205786,2,True,"Dec 20, 2013",Infectious disease,J05AJ
2029-09-11,DUTREBIS,LAMIVUDINE; RALTEGRAVIR POTASSIUM,MERCK SHARP AND DOHME CORP,206510,2,True,"Feb 6, 2015",Infectious disease,J05AF
2029-09-12,XELPROS,LATANOPROST,SUN PHARMACEUTICAL INDUSTRIES LTD,206185,2,False,"Sep 12, 2018",Eye & ear,S01EE
2029-09-16,KYLEENA,LEVONORGESTREL,BAYER HEALTHCARE PHARMACEUTICALS INC,208224,3,False,"Sep 16, 2016",Genitourinary & hormones,G03AA
2029-09-16,SKYLA,LEVONORGESTREL,BAYER HEALTHCARE PHARMACEUTICALS INC,203159,3,False,"Jan 9, 2013",Genitourinary & hormones,G03AA
2029-09-16,MIRENA,LEVONORGESTREL,BAYER HEALTHCARE PHARMACEUTICALS INC,021225,2,False,"Dec 6, 2000",Genitourinary & hormones,G03AA
2029-09-18,TYKERB,LAPATINIB DITOSYLATE,NOVARTIS PHARMACEUTICALS CORP,022059,1,True,"Mar 13, 2007",Cancer,L01EH
2029-09-19,SAVELLA,MILNACIPRAN HYDROCHLORIDE,ABBVIE INC,022256,4,False,"Jan 14, 2009",Neurology & psychiatry,N06AX
2029-09-24,NAMENDA XR,MEMANTINE HYDROCHLORIDE,ABBVIE INC,022525,8,False,"Jun 21, 2010",Neurology & psychiatry,N06DA
2029-10-02,XIFAXAN,RIFAXIMIN,SALIX PHARMACEUTICALS INC,021361,31,True,"May 25, 2004",Metabolism & digestive,A07AA
2029-10-05,PRESTALIA,AMLODIPINE BESYLATE; PERINDOPRIL ARGININE,ADHERA THERAPEUTICS INC,205003,3,True,"Jan 21, 2015",Cardiovascular,C08CA
2029-10-09,VARUBI,ROLAPITANT HYDROCHLORIDE,TERSERA THERAPEUTICS LLC,206500,7,True,"Sep 1, 2015",Metabolism & digestive,A04AD
2029-10-10,IZBA,TRAVOPROST,NOVARTIS PHARMACEUTICALS CORP,204822,4,False,"May 15, 2014",Eye & ear,S01EE
2029-10-13,TRAVATAN Z,TRAVOPROST,SANDOZ INC,021994,3,False,"Sep 21, 2006",Eye & ear,S01EE
2029-10-15,VIVITROL,NALTREXONE,ALKERMES INC,021897,2,False,"Apr 13, 2006",Pain,N02AA
2029-10-18,OPSUMIT,MACITENTAN,ACTELION PHARMACEUTICALS US INC,204410,10,True,"Oct 18, 2013",Cardiovascular,C02KX
2029-10-26,FERRIPROX,DEFERIPRONE,CHIESI USA INC,208030,2,False,"Sep 9, 2015",Various,V03AC
2029-11-06,XALKORI,CRIZOTINIB,PF PRISM CV,202570,10,True,"Aug 26, 2011",Cancer,L01ED
2029-11-06,XALKORI,CRIZOTINIB,PF PRISM CV,217581,15,True,"Sep 7, 2023",Cancer,L01ED
2029-11-07,EMBEDA,MORPHINE SULFATE; NALTREXONE HYDROCHLORIDE,ALPHARMA PHARMACEUTICALS LLC,022321,42,False,"Aug 13, 2009",Pain,N02AA
2029-11-20,NINLARO,IXAZOMIB CITRATE,TAKEDA PHARMACEUTICALS USA INC,208462,21,True,"Nov 20, 2015",Cancer,L01XG
2029-11-22,OPANA ER,OXYMORPHONE HYDROCHLORIDE,ENDO PHARMACEUTICALS INC,201655,21,True,"Dec 9, 2011",Pain,N02AA
2029-11-22,OPANA ER,OXYMORPHONE HYDROCHLORIDE,ENDO OPERATIONS LTD,021610,14,True,"Jun 22, 2006",Pain,N02AA
2029-12-05,NAMZARIC,DONEPEZIL HYDROCHLORIDE; MEMANTINE HYDROCHLORIDE,ABBVIE INC,206439,12,False,"Dec 23, 2014",Neurology & psychiatry,N06DA
2029-12-07,OFEV,NINTEDANIB ESYLATE,BOEHRINGER INGELHEIM PHARMACEUTICALS INC,205832,16,True,"Oct 15, 2014",Cancer,L01EX
2029-12-17,TRIESENCE,TRIAMCINOLONE ACETONIDE,HARROW EYE LLC,022048,3,False,"Nov 29, 2007",Dermatology,D07AB
2029-12-21,TEKAMLO,ALISKIREN HEMIFUMARATE; AMLODIPINE BESYLATE,NOVARTIS PHARMACEUTICALS CORP,022545,4,False,"Aug 26, 2010",Cardiovascular,C08CA
2030-01-03,SALONPAS,MENTHOL; METHYL SALICYLATE,HISAMITSU PHARMACEUTICAL CO INC,022029,4,False,"Feb 20, 2008",Unclassified,
2030-01-21,MILPROSA,PROGESTERONE,FERRING PHARMACEUTICALS INC,201110,3,False,"Apr 29, 2020",Genitourinary & hormones,G03DA
2030-01-31,OMEPRAZOLE,OMEPRAZOLE,DEXCEL PHARMA TECHNOLOGIES LTD,022032,1,False,"Dec 4, 2007",Metabolism & digestive,A02BC
2030-02-12,ENTEREG,ALVIMOPAN,CUBIST PHARMACEUTICALS INC,021775,1,False,"May 20, 2008",Metabolism & digestive,A06AH
2030-02-13,KALYDECO,IVACAFTOR,VERTEX PHARMACEUTICALS INC,203188,20,True,"Jan 31, 2012",Respiratory,R07AX
2030-02-23,PHOSLYRA,CALCIUM ACETATE,FRESENIUS MEDICAL CARE RENAL THERAPIES GROUP LLC,022581,3,False,"Apr 18, 2011",Various,V03AE
2030-02-23,FLOLIPID,SIMVASTATIN,SALERNO PHARMACEUTICALS,206679,4,False,"Apr 21, 2016",Cardiovascular,C10AA
2030-02-24,FABIOR,TAZAROTENE,MAYNE PHARMA LLC,202428,3,False,"May 11, 2012",Dermatology,D05AX
2030-02-28,QUZYTTIR,CETIRIZINE HYDROCHLORIDE,ESTEVE PHARMACEUTICALS SA,211415,5,False,"Oct 4, 2019",Respiratory,R06AE
2030-03-10,MYOVIEW,TECHNETIUM TC-99M TETROFOSMIN KIT,MEDI-PHYSICS INC DBA GE HEALTHCARE,020372,1,False,"Feb 9, 1996",Unclassified,
2030-03-17,VRAYLAR,CARIPRAZINE HYDROCHLORIDE,ABBVIE INC,204370,106,True,"Sep 17, 2015",Psychiatry,N05AX
2030-03-19,TEPMETKO,TEPOTINIB HYDROCHLORIDE,EMD SERONO INC,214096,8,True,"Feb 3, 2021",Cancer,L01EP
2030-03-24,OTOVEL,CIPROFLOXACIN HYDROCHLORIDE; FLUOCINOLONE ACETONIDE,LABORATORIOS SALVAT SA,208251,1,False,"Apr 29, 2016",Eye & ear,S01AE
2030-03-25,VONJO,PACRITINIB CITRATE,SOBI INC,208712,6,True,"Feb 28, 2022",Cancer,L01EJ
2030-03-26,SUBOXONE,BUPRENORPHINE HYDROCHLORIDE; NALOXONE HYDROCHLORIDE,INDIVIOR INC,022410,12,False,"Aug 30, 2010",Pain,N02AA
2030-03-26,QUTENZA,CAPSAICIN,AVERITAS PHARMA INC,022395,2,False,"Nov 16, 2009",Musculoskeletal,M02AB
2030-03-28,MYRBETRIQ,MIRABEGRON,ASTELLAS PHARMA GLOBAL DEVELOPMENT INC,202611,26,False,"Jun 28, 2012",Genitourinary & hormones,G04BD
2030-03-29,OXYCONTIN,OXYCODONE HYDROCHLORIDE,KNOA PHARMA LLC,022272,102,False,"Apr 5, 2010",Pain,N02AA
2030-04-02,KOVANAZE,OXYMETAZOLINE HYDROCHLORIDE; TETRACAINE HYDROCHLORIDE,ST RENATUS LLC,208032,2,False,"Jun 29, 2016",Dermatology,D04AB
2030-04-07,JYNARQUE,TOLVAPTAN,OTSUKA PHARMACEUTICAL CO LTD,204441,10,True,"Apr 23, 2018",Cardiovascular,C03XA
2030-04-07,SAMSCA,TOLVAPTAN,OTSUKA PHARMACEUTICAL CO LTD,022275,6,True,"May 19, 2009",Cardiovascular,C03XA
2030-04-09,BRIVIACT,BRIVARACETAM,UCB INC,205836,10,True,"May 12, 2016",Epilepsy,N03AX
2030-04-13,NOCDURNA,DESMOPRESSIN ACETATE,FERRING PHARMACEUTICALS INC,022517,6,False,"Jun 21, 2018",Hormonal,H01BA
2030-04-19,ACETAMINOPHEN,ACETAMINOPHEN,FRESENIUS KABI USA LLC,204767,1,False,"Oct 28, 2015",Pain,N02AJ
2030-04-23,ZORVOLEX,DICLOFENAC,ZYLA LIFE SCIENCES US INC,204592,14,False,"Oct 18, 2013",Musculoskeletal,M01AB
2030-04-23,TIVORBEX,INDOMETHACIN,GENUS LIFESCIENCES INC,204768,6,False,"Feb 24, 2014",Musculoskeletal,M01AB
2030-04-27,SUBSYS,FENTANYL,BTCP PHARMA LLC,202788,68,False,"Jan 4, 2012",Pain,N02AB
2030-04-30,ZYCLARA,IMIQUIMOD,BAUSCH HEALTH US LLC,022483,15,False,"Mar 25, 2010",Dermatology,D06BB
2030-05-01,APRISO,MESALAMINE,SALIX PHARMACEUTICALS INC,022301,1,False,"Oct 31, 2008",Metabolism & digestive,A07EC
2030-05-28,SYMBICORT AEROSPHERE,BUDESONIDE; FORMOTEROL FUMARATE,ASTRAZENECA PHARMACEUTICALS LP,216579,6,False,"Apr 28, 2023",Respiratory,R01AD
2030-05-28,AIRSUPRA,ALBUTEROL SULFATE; BUDESONIDE,ASTRAZENECA PHARMACEUTICALS LP,214070,1,False,"Jan 10, 2023",Respiratory,R01AD
2030-06-02,ISENTRESS,RALTEGRAVIR POTASSIUM,MERCK SHARP AND DOHME LLC A SUB OF MERCK AND CO INC,203045,5,True,"Dec 21, 2011",Infectious disease,J05AJ
2030-06-03,ONUREG,AZACITIDINE,BRISTOL MYERS SQUIBB CO,214120,6,False,"Sep 1, 2020",Cancer,L01BC
2030-06-08,TIVICAY,DOLUTEGRAVIR SODIUM,VIIV HEALTHCARE CO,204790,12,True,"Aug 12, 2013",Infectious disease,J05AJ
2030-06-08,TRIUMEQ,ABACAVIR SULFATE; DOLUTEGRAVIR SODIUM; LAMIVUDINE,VIIV HEALTHCARE CO,205551,4,True,"Aug 22, 2014",Infectious disease,J05AF
2030-06-08,TIVICAY PD,DOLUTEGRAVIR SODIUM,VIIV HEALTHCARE CO,213983,4,True,"Jun 12, 2020",Infectious disease,J05AJ
2030-06-08,TRIUMEQ PD,ABACAVIR SULFATE; DOLUTEGRAVIR SODIUM; LAMIVUDINE,VIIV HEALTHCARE CO,215413,4,True,"Mar 30, 2022",Infectious disease,J05AF
2030-06-12,ELLA,ULIPRISTAL ACETATE,LABORATOIRE HRA PHARMA,022474,8,False,"Aug 13, 2010",Genitourinary & hormones,G03AD
2030-06-15,NOCTIVA,DESMOPRESSIN ACETATE,ACERUS PHARMACEUTICALS USA LLC,201656,6,False,"Mar 3, 2017",Hormonal,H01BA
2030-06-16,QTERN,DAPAGLIFLOZIN; SAXAGLIPTIN HYDROCHLORIDE,ASTRAZENECA AB,209091,28,True,"Feb 27, 2017",Diabetes,A10BD
2030-06-16,SITAVIG,ACYCLOVIR,LIGAND PHARMACEUTICALS INC,203791,3,False,"Apr 12, 2013",Dermatology,D06BB
2030-06-27,ACUVUE THERAVISION WITH KETOTIFEN,KETOTIFEN FUMARATE,JOHNSON AND JOHNSON VISION CARE INC,022388,2,False,"Feb 25, 2022",Respiratory,R06AX
2030-07-04,MINIVELLE,ESTRADIOL,NOVEN PHARMACEUTICALS INC,203752,16,True,"Oct 29, 2012",Genitourinary & hormones,G03AA
2030-07-06,INVOKAMET,CANAGLIFLOZIN; METFORMIN HYDROCHLORIDE,JANSSEN PHARMACEUTICALS INC,204353,44,True,"Aug 8, 2014",Diabetes,A10BA
2030-07-13,ZUPLENZ,ONDANSETRON,AQUESTIVE THERAPEUTICS INC,022524,4,False,"Jul 2, 2010",Metabolism & digestive,A04AA
2030-07-14,LUMIFY,BRIMONIDINE TARTRATE,BAUSCH AND LOMB INC,208144,4,False,"Dec 22, 2017",Eye & ear,S01EA
2030-07-14,LUMIFY PRESERVATIVE FREE,BRIMONIDINE TARTRATE,BAUSCH AND LOMB INC,218424,3,False,"Apr 19, 2024",Eye & ear,S01EA
2030-07-17,SAFYRAL,DROSPIRENONE; ETHINYL ESTRADIOL; LEVOMEFOLATE CALCIUM,BAYER HEALTHCARE PHARMACEUTICALS INC,022574,3,False,"Dec 16, 2010",Genitourinary & hormones,G03AA
2030-07-17,BEYAZ,DROSPIRENONE; ETHINYL ESTRADIOL; LEVOMEFOLATE CALCIUM,BAYER HEALTHCARE PHARMACEUTICALS INC,022532,5,False,"Sep 24, 2010",Genitourinary & hormones,G03AA
2030-07-20,EUCRISA,CRISABOROLE,ANACOR PHARMACEUTICALS INC,207695,8,True,"Dec 14, 2016",Dermatology,D11AH
2030-07-21,AURYXIA,FERRIC CITRATE,KERYX BIOPHARMACEUTICALS INC,205874,3,False,"Sep 5, 2014",Various,V03AE
2030-07-25,WINLEVI,CLASCOTERONE,SUN PHARMACEUTICAL INDUSTRIES LTD,213433,8,False,"Aug 26, 2020",Dermatology,D10AX
2030-07-28,IMPLANON,ETONOGESTREL,ORGANON USA LLC,021529,5,False,"Jul 17, 2006",Genitourinary & hormones,G03AC
2030-08-02,CHILDREN'S ALLEGRA ALLERGY,FEXOFENADINE HYDROCHLORIDE,CHATTEM INC DBA SANOFI CONSUMER HEALTHCARE,201373,2,False,"Jan 24, 2011",Respiratory,R06AX
2030-08-09,PENNSAID,DICLOFENAC SODIUM,HORIZON THERAPEUTICS IRELAND DAC,204623,20,False,"Jan 16, 2014",Musculoskeletal,M01AB
2030-08-09,PENNSAID,DICLOFENAC SODIUM,NUVO PHARMACEUTICALS INC,020947,5,False,"Nov 4, 2009",Musculoskeletal,M01AB
2030-08-31,SERNIVO,BETAMETHASONE DIPROPIONATE,PRIMUS PHARMACEUTICALS INC,208079,7,False,"Feb 5, 2016",Eye & ear,S01BA
2030-08-31,QMIIZ ODT,MELOXICAM,TERSERA THERAPEUTICS LLC,211210,2,False,"Oct 19, 2018",Neurology & psychiatry,N01BB
2030-09-02,EXXUA,GEPIRONE HYDROCHLORIDE,FABRE KRAMER PHARMACEUTICALS INC,021164,4,False,"Sep 22, 2023",Neurology & psychiatry,N06AX
2030-09-07,SILENOR,DOXEPIN HYDROCHLORIDE,CURRAX PHARMACEUTICALS LLC,022036,32,False,"Mar 17, 2010",Dermatology,D04AX
2030-09-22,RAVICTI,GLYCEROL PHENYLBUTYRATE,HORIZON THERAPEUTICS US HOLDING LLC,203284,14,False,"Feb 1, 2013",Metabolism & digestive,A16AX
2030-10-01,ZILXI,MINOCYCLINE HYDROCHLORIDE,JOURNEY MEDICAL CORP,213690,9,False,"May 28, 2020",Metabolism & digestive,A01AB
2030-10-07,INPEFA,SOTAGLIFLOZIN,LEXICON PHARMACEUTICALS INC,216203,6,True,"May 26, 2023",Diabetes,A10BK
2030-10-08,TYGACIL,TIGECYCLINE,PF PRISM CV,021821,6,False,"Jun 15, 2005",Infectious disease,J01AA
2030-10-30,SIMBRINZA,BRIMONIDINE TARTRATE; BRINZOLAMIDE,ALCON LABORATORIES INC,204251,2,False,"Apr 19, 2013",Eye & ear,S01EA
2030-11-04,TOBI PODHALER,TOBRAMYCIN,VIATRIS SPECIALTY LLC,201688,2,False,"Mar 22, 2013",Infectious disease,J01GB
2030-11-12,AMONDYS 45,CASIMERSEN,SAREPTA THERAPEUTICS INC,213026,7,True,"Feb 25, 2021",Musculoskeletal,M09AX
2030-11-23,CUBICIN,DAPTOMYCIN,CUBIST PHARMACEUTICALS LLC,021572,2,False,"Sep 12, 2003",Infectious disease,J01XX
2030-11-29,ANORO ELLIPTA,UMECLIDINIUM BROMIDE; VILANTEROL TRIFENATATE,GLAXOSMITHKLINE INTELLECTUAL PROPERTY DEVELOPMENT LTD ENGLAND,203975,6,True,"Dec 18, 2013",Respiratory,R03BB
2030-12-01,FOSRENOL,LANTHANUM CARBONATE,TAKEDA PHARMACEUTICALS USA INC,204734,4,False,"Sep 24, 2014",Various,V03AE
2030-12-02,RYDAPT,MIDOSTAURIN,NOVARTIS PHARMACEUTICALS CORP,207997,2,False,"Apr 28, 2017",Cancer,L01EX
2030-12-06,RENVELA,SEVELAMER CARBONATE,GENZYME CORP,022318,2,False,"Aug 12, 2009",Various,V03AE
2030-12-31,RELISTOR,METHYLNALTREXONE BROMIDE,SALIX PHARMACEUTICALS INC,021964,21,False,"Apr 24, 2008",Metabolism & digestive,A06AH
2030-12-31,SIVEXTRO,TEDIZOLID PHOSPHATE,CUBIST PHARMACEUTICALS LLC,205435,7,True,"Jun 20, 2014",Infectious disease,J01XX
2030-12-31,SIVEXTRO,TEDIZOLID PHOSPHATE,CUBIST PHARMACEUTICALS LLC,205436,7,True,"Jun 20, 2014",Infectious disease,J01XX
2031-01-05,GILOTRIF,AFATINIB DIMALEATE,BOEHRINGER INGELHEIM,201292,30,True,"Jul 12, 2013",Cancer,L01EB
2031-01-09,BESIVANCE,BESIFLOXACIN HYDROCHLORIDE,BAUSCH AND LOMB INC,022308,4,True,"May 28, 2009",Eye & ear,S01AE
2031-01-14,PLIAGLIS,LIDOCAINE; TETRACAINE,CRESCITA THERAPEUTICS INC,021717,4,False,"Jun 29, 2006",Cardiovascular,C01BB
2031-01-19,ZYPITAMAG,PITAVASTATIN MAGNESIUM,MEDICURE INTERNATIONAL INC,208379,3,True,"Jul 14, 2017",Cardiovascular,C10AA
2031-01-20,ZUSDURI,MITOMYCIN,UROGEN PHARMA LTD,215793,4,False,"Jun 12, 2025",Cancer,L01DC
2031-01-20,JELMYTO,MITOMYCIN,UROGEN PHARMA LTD,211728,3,False,"Apr 15, 2020",Cancer,L01DC
2031-01-24,DOVATO,DOLUTEGRAVIR SODIUM; LAMIVUDINE,VIIV HEALTHCARE CO,211994,5,True,"Apr 8, 2019",Infectious disease,J05AF
2031-01-26,INVEGA SUSTENNA,PALIPERIDONE PALMITATE,JANSSEN PHARMACEUTICALS INC,022264,10,False,"Jul 31, 2009",Psychiatry,N05AX
2031-02-01,UPTRAVI,SELEXIPAG,ACTELION PHARMACEUTICALS US INC,214275,8,True,"Jul 29, 2021",Blood,B01AC
2031-02-04,VOCABRIA,CABOTEGRAVIR SODIUM,VIIV HEALTHCARE CO,212887,2,True,"Jan 21, 2021",Infectious disease,J05AJ
2031-02-05,LUPRON DEPOT,LEUPROLIDE ACETATE,ABBVIE ENDOCRINE INC,020517,2,False,"Dec 22, 1995",Cancer,L02AE
2031-02-05,LUPRON DEPOT-PED KIT,LEUPROLIDE ACETATE,ABBVIE ENDOCRINE INC,020263,2,False,"Apr 16, 1993",Cancer,L02AE
2031-02-10,TEFLARO,CEFTAROLINE FOSAMIL,ABBVIE INC,200327,4,False,"Oct 29, 2010",Infectious disease,J01DI
2031-02-14,IDOSE TR,TRAVOPROST,GLAUKOS CORP,218010,4,True,"Dec 13, 2023",Eye & ear,S01EE
2031-02-15,QUILLIVANT XR,METHYLPHENIDATE HYDROCHLORIDE,NEXTWAVE PHARMACEUTICALS INC A SUB OF TRIS PHARMA INC,202100,7,False,"Sep 27, 2012",Neurology & psychiatry,N06BA
2031-02-22,APADAZ,ACETAMINOPHEN; BENZHYDROCODONE HYDROCHLORIDE,ZEVRA THERAPEUTICS,208653,15,True,"Feb 23, 2018",Pain,N02AJ
2031-02-24,TECHNEGAS KIT,TECHNETIUM TC-99M LABELED CARBON,CYCLOMEDICA AUSTRALIA PTY LTD,022335,1,False,"Sep 29, 2023",Unclassified,
2031-02-25,EDLUAR,ZOLPIDEM TARTRATE,VIATRIS SPECIALTY LLC,021997,4,False,"Mar 13, 2009",Psychiatry,N05CF
2031-02-28,XERMELO,TELOTRISTAT ETIPRATE,TERSERA THERAPEUTICS LLC,208794,5,True,"Feb 28, 2017",Unclassified,
2031-03-10,RELISTOR,METHYLNALTREXONE BROMIDE,SALIX PHARMACEUTICALS INC,208271,9,False,"Jul 19, 2016",Metabolism & digestive,A06AH
2031-03-17,BEVESPI AEROSPHERE,FORMOTEROL FUMARATE; GLYCOPYRROLATE,ASTRAZENECA PHARMACEUTICALS LP,208294,7,False,"Apr 25, 2016",Respiratory,R03AC
2031-03-19,INTRAROSA,PRASTERONE,MILLICENT PHARMA LTD,208470,3,False,"Nov 16, 2016",Metabolism & digestive,A14AA
2031-03-21,XADAGO,SAFINAMIDE MESYLATE,MDD US OPERATIONS LLC,207145,6,True,"Mar 21, 2017",Parkinson's,N04BD
2031-03-26,GELNIQUE,OXYBUTYNIN CHLORIDE,ABBVIE INC,022204,3,False,"Jan 27, 2009",Genitourinary & hormones,G04BD
2031-03-29,BEVYXXA,BETRIXABAN,PORTOLA PHARMACEUTICALS INC,208383,12,True,"Jun 23, 2017",Blood,B01AF
2031-03-29,SODIUM THIOSULFATE,SODIUM THIOSULFATE,HOPE PHARMACEUTICALS,203923,6,True,"Feb 14, 2012",Various,V03AB
2031-04-04,BYDUREON BCISE,EXENATIDE SYNTHETIC,ASTRAZENECA AB,209210,47,True,"Oct 20, 2017",Diabetes,A10BJ
2031-04-11,BREO ELLIPTA,FLUTICASONE FUROATE; VILANTEROL TRIFENATATE,GLAXO GROUP LTD ENGLAND DBA GLAXOSMITHKLINE,204275,30,False,"May 10, 2013",Respiratory,R01AD
2031-04-11,TRELEGY ELLIPTA,FLUTICASONE FUROATE; UMECLIDINIUM BROMIDE; VILANTEROL TRIFENATATE,GLAXOSMITHKLINE INTELLECTUAL PROPERTY DEVELOPMENT LTD ENGLAND,209482,15,True,"Sep 18, 2017",Respiratory,R01AD
2031-04-15,MEKINIST,TRAMETINIB DIMETHYL SULFOXIDE,NOVARTIS PHARMACEUTICALS CORP,217513,4,True,"Mar 16, 2023",Cancer,L01EE
2031-04-16,SPIRIVA RESPIMAT,TIOTROPIUM BROMIDE,BOEHRINGER INGELHEIM PHARMACEUTICALS INC,021936,4,False,"Sep 24, 2014",Respiratory,R03BB
2031-04-26,TREANDA,BENDAMUSTINE HYDROCHLORIDE,CEPHALON INC,022249,46,True,"Mar 20, 2008",Cancer,L01AA
2031-04-27,JEVTANA KIT,CABAZITAXEL,SANOFI AVENTIS US INC,201023,10,True,"Jun 17, 2010",Cancer,L01CD
2031-04-29,TEGSEDI,INOTERSEN SODIUM,AKCEA THERAPEUTICS INC,211172,3,True,"Oct 5, 2018",Neurology & psychiatry,N07XX
2031-05-04,ZEPATIER,ELBASVIR; GRAZOPREVIR,MERCK SHARP AND DOHME LLC A SUB OF MERCK AND CO INC,208261,2,True,"Jan 28, 2016",Infectious disease,J05AP
2031-05-10,ZTLIDO,LIDOCAINE,SCILEX PHARMACEUTICALS INC,207962,8,False,"Feb 28, 2018",Cardiovascular,C01BB
2031-05-12,XIGDUO XR,DAPAGLIFLOZIN; METFORMIN HYDROCHLORIDE,ASTRAZENECA AB,205649,50,True,"Oct 29, 2014",Diabetes,A10BA
2031-05-12,QTERNMET XR,DAPAGLIFLOZIN; METFORMIN HYDROCHLORIDE; SAXAGLIPTIN HYDROCHLORIDE,ASTRAZENECA AB,210874,40,True,"May 2, 2019",Diabetes,A10BA
2031-05-18,VESICARE LS,SOLIFENACIN SUCCINATE,ASTELLAS PHARMA US INC,209529,1,False,"May 26, 2020",Genitourinary & hormones,G04BD
2031-05-24,NALOXONE HYDROCHLORIDE (AUTOINJECTOR),NALOXONE HYDROCHLORIDE,KALEO INC,215457,6,False,"Feb 28, 2022",Pain,N02AA
2031-05-27,OTREXUP,METHOTREXATE,COSETTE PHARMACEUTICALS INC,204824,120,False,"Oct 11, 2013",Cancer,L01BA
2031-05-31,RISVAN,RISPERIDONE,LABORATORIOS FARMACEUTICOS ROVI SA,214835,28,False,"Mar 29, 2024",Psychiatry,N05AX
2031-06-03,SEGLENTIS,CELECOXIB; TRAMADOL HYDROCHLORIDE,KOWA PHARMACEUTICALS AMERICA INC,213426,7,True,"Oct 15, 2021",Pain,N02AJ
2031-06-08,CRESEMBA,ISAVUCONAZONIUM SULFATE,ASTELLAS PHARMA US INC,207500,12,True,"Mar 6, 2015",Unclassified,
2031-06-08,CRESEMBA,ISAVUCONAZONIUM SULFATE,ASTELLAS PHARMA US INC,207501,2,True,"Mar 6, 2015",Unclassified,
2031-06-11,ORKAMBI,IVACAFTOR; LUMACAFTOR,VERTEX PHARMACEUTICALS INC,206038,94,True,"Jul 2, 2015",Respiratory,R07AX
2031-06-11,ORKAMBI,IVACAFTOR; LUMACAFTOR,VERTEX PHARMACEUTICALS INC,211358,126,True,"Aug 7, 2018",Respiratory,R07AX
2031-06-11,SOVALDI,SOFOSBUVIR,GILEAD SCIENCES INC,204671,34,True,"Dec 6, 2013",Infectious disease,J05AP
2031-06-11,SOVALDI,SOFOSBUVIR,GILEAD SCIENCES INC,212480,32,True,"Aug 28, 2019",Infectious disease,J05AP
2031-06-13,MIRVASO,BRIMONIDINE TARTRATE,GALDERMA LABORATORIES LP,204708,7,False,"Aug 23, 2013",Eye & ear,S01EA
2031-06-13,DAKLINZA,DACLATASVIR DIHYDROCHLORIDE,BRISTOL-MYERS SQUIBB CO,206843,18,True,"Jul 24, 2015",Infectious disease,J05AP
2031-06-19,BAXDELA,DELAFLOXACIN MEGLUMINE,MELINTA SUBSIDIARY CORP,208610,5,True,"Jun 19, 2017",Infectious disease,J01MA
2031-06-23,GIAZO,BALSALAZIDE DISODIUM,VALEANT PHARMACEUTICALS INTERNATIONAL,022205,4,False,"Feb 3, 2012",Metabolism & digestive,A07EC
2031-06-28,SLYND,DROSPIRENONE,EXELTIS USA INC,211367,15,False,"May 23, 2019",Genitourinary & hormones,G03AA
2031-06-28,DROSPIRENONE,DROSPIRENONE,EXELTIS USA INC,216285,15,False,"Jun 29, 2022",Genitourinary & hormones,G03AA
2031-06-30,MULTAQ,DRONEDARONE HYDROCHLORIDE,SANOFI AVENTIS US LLC,022425,5,False,"Jul 1, 2009",Cardiovascular,C01BD
2031-07-01,EDARBYCLOR,AZILSARTAN KAMEDOXOMIL; CHLORTHALIDONE,AZURITY PHARMACEUTICALS INC,202331,6,False,"Dec 20, 2011",Cardiovascular,C03BA
2031-07-08,IYUZEH,LATANOPROST,THEA PHARMA INC,216472,1,False,"Dec 13, 2022",Eye & ear,S01EE
2031-07-15,MYDCOMBI,PHENYLEPHRINE HYDROCHLORIDE; TROPICAMIDE,EYENOVIA INC,215352,3,False,"May 5, 2023",Respiratory,R01AA
2031-07-18,NERLYNX,NERATINIB MALEATE,PUMA BIOTECHNOLOGY INC,208051,20,True,"Jul 17, 2017",Cancer,L01EH
2031-07-19,TOSYMRA,SUMATRIPTAN,TONIX MEDICINES INC,210884,9,False,"Jan 25, 2019",Pain,N02CC
2031-07-20,PRADAXA,DABIGATRAN ETEXILATE MESYLATE,BOEHRINGER INGELHEIM PHARMACEUTICALS INC,022512,12,True,"Oct 19, 2010",Blood,B01AE
2031-08-04,LYNPARZA,OLAPARIB,ASTRAZENECA PHARMACEUTICALS LP,206162,3,True,"Dec 19, 2014",Cancer,L01XK
2031-08-04,ZILRETTA,TRIAMCINOLONE ACETONIDE,PACIRA PHARMACEUTICALS INC,208845,2,False,"Oct 6, 2017",Dermatology,D07AB
2031-08-06,THYQUIDITY,LEVOTHYROXINE SODIUM,JEROME STEVENS PHARMACEUTICALS INC,214047,1,False,"Nov 30, 2020",Hormonal,H03AA
2031-08-08,ECOZA,ECONAZOLE NITRATE,RESILIA PHARMACEUTICALS INC,205175,1,False,"Oct 24, 2013",Dermatology,D01AC
2031-08-11,ORENITRAM,TREPROSTINIL DIOLAMINE,UNITED THERAPEUTICS CORP,203496,40,True,"Dec 20, 2013",Blood,B01AC
2031-08-11,BELRAPZO,BENDAMUSTINE HYDROCHLORIDE,EAGLE PHARMACEUTICALS INC,205580,20,False,"May 15, 2018",Cancer,L01AA
2031-08-24,ELIQUIS,APIXABAN,BRISTOL MYERS SQUIBB CO PHARMACEUTICAL RESEARCH INSTITUTE,202155,25,True,"Dec 28, 2012",Blood,B01AF
2031-08-30,PREVYMIS,LETERMOVIR,MERCK SHARP AND DOHME LLC,219104,2,True,"Aug 30, 2024",Infectious disease,J05AX
2031-08-30,PREVYMIS,LETERMOVIR,MERCK SHARP AND DOHME CORP,209939,2,True,"Nov 8, 2017",Infectious disease,J05AX
2031-09-04,TPOXX,TECOVIRIMAT,SIGA TECHNOLOGIES INC,214518,5,False,"May 18, 2022",Infectious disease,J05AX
2031-09-05,FILSPARI,SPARSENTAN,TRAVERE THERAPEUTICS INC,216403,8,False,"Feb 17, 2023",Cardiovascular,C09XX
2031-09-07,UCERIS,BUDESONIDE,SALIX PHARMACEUTICALS INC,203634,5,False,"Jan 14, 2013",Respiratory,R01AD
2031-09-08,ULORIC,FEBUXOSTAT,TAKEDA PHARMACEUTICALS USA INC,021856,4,False,"Feb 13, 2009",Musculoskeletal,M04AA
2031-09-08,NEXICLON XR,CLONIDINE,ROSEMONT PHARMACEUTICALS LLC,022500,4,False,"Dec 3, 2009",Cardiovascular,C02AC
2031-09-15,APRETUDE,CABOTEGRAVIR,VIIV HEALTHCARE CO,215499,4,True,"Dec 20, 2021",Infectious disease,J05AJ
2031-09-19,ANZUPGO,DELGOCITINIB,LEO PHARMA AS,219155,1,True,"Jul 23, 2025",Dermatology,D11AH
2031-09-22,OPSYNVI,MACITENTAN; TADALAFIL,ACTELION PHARMACEUTICALS US INC,218490,12,True,"Mar 22, 2024",Cardiovascular,C02KX
2031-09-28,VERZENIO,ABEMACICLIB,ELI LILLY AND CO,208716,17,True,"Sep 28, 2017",Cancer,L01EF
2031-09-29,MULPLETA,LUSUTROMBOPAG,VANCOCIN ITALIA SRL,210923,3,True,"Jul 31, 2018",Blood,B02BX
2031-10-10,CLEVIPREX,CLEVIDIPINE,CHIESI USA INC,022156,9,False,"Aug 1, 2008",Cardiovascular,C08CA
2031-10-14,LETAIRIS,AMBRISENTAN,GILEAD SCIENCES INC,022081,6,False,"Jun 15, 2007",Cardiovascular,C02KX
2031-10-20,TALZENNA,TALAZOPARIB TOSYLATE,PFIZER INC,211651,34,True,"Oct 16, 2018",Cancer,L01XK
2031-10-20,TALZENNA,TALAZOPARIB TOSYLATE,PFIZER INC,217439,36,True,"Mar 7, 2024",Cancer,L01XK
2031-10-21,QNASL,BECLOMETHASONE DIPROPIONATE,TEVA BRANDED PHARMACEUTICAL PRODUCTS R AND D LLC,202813,2,False,"Mar 23, 2012",Respiratory,R01AD
2031-10-22,ANGELIQ,DROSPIRENONE; ESTRADIOL,BAYER HEALTHCARE PHARMACEUTICALS INC,021355,1,False,"Feb 29, 2012",Genitourinary & hormones,G03AA
2031-10-31,MYTESI,CROFELEMER,NAPO PHARMACEUTICALS INC,202292,2,False,"Dec 31, 2012",Metabolism & digestive,A07XA
2031-11-02,BRYHALI,HALOBETASOL PROPIONATE,BAUSCH HEALTH AMERICAS INC,209355,6,False,"Nov 6, 2018",Dermatology,D07AC
2031-11-17,SOLODYN,MINOCYCLINE HYDROCHLORIDE,BAUSCH HEALTH US LLC,050808,12,False,"May 8, 2006",Metabolism & digestive,A01AB
2031-11-23,LATUDA,LURASIDONE HYDROCHLORIDE,SUNOVION PHARMACEUTICALS INC,200603,55,False,"Oct 28, 2010",Psychiatry,N05AE
2031-12-05,BINOSTO,ALENDRONATE SODIUM,RADIUS HEALTH INC,202344,1,False,"Mar 12, 2012",Musculoskeletal,M05BA
2031-12-07,KEPPRA,LEVETIRACETAM,UCB INC,021035,8,False,"Nov 30, 1999",Epilepsy,N03AX
2031-12-10,ENSTILAR,BETAMETHASONE DIPROPIONATE; CALCIPOTRIENE,LEO PHARMA AS,207589,11,False,"Oct 16, 2015",Eye & ear,S01BA
2031-12-19,SEGLUROMET,ERTUGLIFLOZIN; METFORMIN HYDROCHLORIDE,MERCK SHARP AND DOHME LLC A SUB OF MERCK AND CO INC,209806,12,True,"Dec 19, 2017",Diabetes,A10BA
2031-12-19,STEGLATRO,ERTUGLIFLOZIN,MERCK SHARP AND DOHME LLC A SUB OF MERCK AND CO INC,209803,2,True,"Dec 19, 2017",Diabetes,A10BD
2031-12-19,STEGLUJAN,ERTUGLIFLOZIN; SITAGLIPTIN PHOSPHATE,MERCK SHARP AND DOHME LLC A SUB OF MERCK AND CO INC,209805,10,True,"Dec 19, 2017",Diabetes,A10BD
2031-12-21,HYSINGLA ER,HYDROCODONE BITARTRATE,KNOA PHARMA LLC,206627,133,False,"Nov 20, 2014",Pain,N02AJ
2031-12-21,POMALYST,POMALIDOMIDE,BRISTOL MYERS SQUIBB CO,204026,24,True,"Feb 8, 2013",Immunology,L04AX
2031-12-24,NITHIODOTE,SODIUM NITRITE; SODIUM THIOSULFATE,HOPE PHARMACEUTICALS,201444,9,True,"Jan 14, 2011",Various,V03AB
2031-12-24,SODIUM NITRITE,SODIUM NITRITE,HOPE PHARMACEUTICALS,203922,3,True,"Feb 14, 2012",Various,V03AB
2031-12-28,FANAPT,ILOPERIDONE,VANDA PHARMACEUTICALS INC,022192,98,False,"May 6, 2009",Psychiatry,N05AX
