ticker,best_date,date_source,confidence,program,program_kind,guided_date,guided_precision,guided_form,guided_filed,accession,filing_url,matched_sentence,sic,sic_desc,pcd,pcd_type,days_to_pcd,bucket,status,phase,enroll,enroll_type,nct,company,title
CLYM,2026-04-07,CTGOV,medium,,,,,,,,,,,,2026-04-07,ACTUAL,-119,REPORTED/IMMINENT,COMPLETED,EARLY_PHASE1,30,ACTUAL,NCT07090655,"Climb Bio, Inc.",A Phase 1 Study of Budoprutug (TNT119) Subcutaneous and Intravenous In
VXRT,2026-04-14,CTGOV,medium,,,,,,,,,,,,2026-04-14,ACTUAL,-112,REPORTED/IMMINENT,COMPLETED,PHASE1,60,ACTUAL,NCT06944717,"Vaxart, Inc.",A Trial of a Norovirus G1.1 and G2.4 Vaccine Administered Orally to He
MBX,2026-04-18,CTGOV,medium,,,,,,,,,,,,2026-04-18,ACTUAL,-108,REPORTED/IMMINENT,COMPLETED,PHASE2,20,ACTUAL,NCT07029412,"MBX Biosciences, Inc.",Study to Evaluate Efficacy and Dose Response of Imapextide (STEADI)
ELTX,2026-04-20,CTGOV,medium,,,,,,,,,,,,2026-04-20,ACTUAL,-106,DATA PENDING (lock passed),ACTIVE_NOT_RECRUITING,"PHASE1,PHASE2",158,ACTUAL,NCT05726864,"Elicio Therapeutics, Inc.",A Study of ELI-002 7P in Subjects With KRAS/NRAS Mutated Solid Tumors
LNTH,2026-04-21,CTGOV,medium,,,,,,,,,,,,2026-04-21,ACTUAL,-105,REPORTED/IMMINENT,COMPLETED,PHASE3,244,ACTUAL,NCT05184088,"Lantheus Holdings, Inc.",Efficacy of [18F]Florbetaben PET for Diagnosis of Cardiac AL Amyloidos
RADX,2026-04-23,CTGOV,medium,,,,,,,,,,,,2026-04-23,ACTUAL,-103,DATA PENDING (lock passed),ACTIVE_NOT_RECRUITING,PHASE2,30,ESTIMATED,NCT06777433,Radiopharm Theranostics Ltd,Phase 2b Imaging Study of RAD101 in Participants With Suspected Recurr
ABVX,2026-04-28,CTGOV,medium,,,,,,,,,,,,2026-04-28,ACTUAL,-98,DATA PENDING (lock passed),ACTIVE_NOT_RECRUITING,PHASE3,1116,ACTUAL,NCT05535946,Abivax S.A.,ABTECT - Maintenance
ARQT,2026-04-30,CTGOV,medium,,,,,,,,,,,,2026-04-30,ACTUAL,-96,REPORTED/IMMINENT,COMPLETED,PHASE1,22,ACTUAL,NCT07340216,"Arcutis Biotherapeutics, Inc.",Maximal Usage Pharmacokinetics and Safety Study of ARQ-154 Foam 0.3% i
CRVS,2026-04-30,CTGOV,medium,,,,,,,,,,,,2026-04-30,ESTIMATED,-96,DATA PENDING (lock passed),ACTIVE_NOT_RECRUITING,PHASE1,151,ESTIMATED,NCT03952078,"Corvus Pharmaceuticals, Inc.",A Dose Escalation Study Evaluating CPI-818 in Relapsed/Refractory T-Ce
RCKT,2026-05-05,CTGOV,medium,,,,,,,,,,,,2026-05-05,ESTIMATED,-91,DATA PENDING (lock passed),ACTIVE_NOT_RECRUITING,PHASE2,5,ESTIMATED,NCT04248439,"ROCKET PHARMACEUTICALS, INC.","Gene Therapy for Fanconi Anemia, Complementation Group A"
NMRA,2026-05-06,CTGOV,medium,,,,,,,,,,,,2026-05-06,ACTUAL,-90,REPORTED/IMMINENT,COMPLETED,PHASE3,430,ACTUAL,NCT06058013,"Neumora Therapeutics, Inc.",Study to Assess the Effects of Oral NMRA-335140 Versus Placebo in Part
BMY,2026-05-27,CTGOV,medium,,,,,,,,,,,,2026-05-27,ACTUAL,-69,DATA PENDING (lock passed),ACTIVE_NOT_RECRUITING,PHASE3,545,ACTUAL,NCT03383458,BRISTOL MYERS SQUIBB CO,A Study of Nivolumab in Participants With Hepatocellular Carcinoma Who
VRDN,2026-05-28,CTGOV,medium,,,,,,,,,,,,2026-05-28,ACTUAL,-68,REPORTED/IMMINENT,COMPLETED,PHASE3,87,ACTUAL,NCT07155668,"Viridian Therapeutics, Inc.\DE","A Safety, Tolerability and Pharmacokinetics Study of VRDN-003 in Parti"
AGIO,2026-05-31,CTGOV,medium,,,,,,,,,,,,2026-05-31,ESTIMATED,-65,DATA PENDING (lock passed),ACTIVE_NOT_RECRUITING,PHASE2,59,ACTUAL,NCT06924970,"AGIOS PHARMACEUTICALS, INC.","A Dose-Finding Study of Tebapivat to Assess Efficacy, and Safety in Pa"
BMEA,2026-05-31,CTGOV,medium,,,,,,,,,,,,2026-05-31,ESTIMATED,-65,DATA PENDING (lock passed),ACTIVE_NOT_RECRUITING,PHASE1,80,ESTIMATED,NCT07223216,"Biomea Fusion, Inc.",Study of BMF-650 in Otherwise Healthy Overweight or Obese Adult Partic
NPCE,2026-05-31,CTGOV,medium,,,,,,,,,,,,2026-05-31,ESTIMATED,-65,DATA PENDING (lock passed),ACTIVE_NOT_RECRUITING,PHASE2,24,ESTIMATED,NCT05339126,NeuroPace Inc,RNS System LGS Feasibility Study
PYXS,2026-05-31,CTGOV,medium,,,,,,,,,,,,2026-05-31,ESTIMATED,-65,DATA PENDING (lock passed),ACTIVE_NOT_RECRUITING,PHASE1,47,ACTUAL,NCT05718557,"Pyxis Oncology, Inc.",Study of PYX-106 in Solid Tumors
SNY,2026-06-08,CTGOV,medium,,,,,,,,,,,,2026-06-08,ACTUAL,-57,DATA PENDING (lock passed),ACTIVE_NOT_RECRUITING,PHASE3,138,ACTUAL,NCT06687980,Sanofi,A Study to Investigate Improvement in Pruritus of Lichen Simplex Chron
GSK,2026-06-10,CTGOV,medium,,,,,,,,,,,,2026-06-10,ACTUAL,-55,DATA PENDING (lock passed),ACTIVE_NOT_RECRUITING,PHASE3,997,ACTUAL,NCT05600777,GSK plc,A 24-Week Study of the Efficacy and Safety of BLU-5937 in Adults With 
EXEL,2026-06-16,CTGOV,medium,,,,,,,,,,,,2026-06-16,ACTUAL,-49,DATA PENDING (lock passed),ACTIVE_NOT_RECRUITING,PHASE3,901,ACTUAL,NCT05425940,"EXELIXIS, INC.",Study of XL092 + Atezolizumab vs Regorafenib in Participants With Meta
RYTM,2026-06-24,CTGOV,medium,,,,,,,,,,,,2026-06-24,ACTUAL,-41,REPORTED/IMMINENT,COMPLETED,PHASE3,28,ACTUAL,NCT06596135,"RHYTHM PHARMACEUTICALS, INC.",Open-Label Extension Study of Setmelanotide
ACTU,2026-06-30,CTGOV,medium,,,,,,,,,,,,2026-06-30,ESTIMATED,-35,DATA PENDING (lock passed),ACTIVE_NOT_RECRUITING,PHASE2,350,ESTIMATED,NCT03678883,"ACTUATE THERAPEUTICS, INC.",9-ING-41 in Patients With Advanced Cancers
ARWR,2026-06-30,CTGOV,medium,,,,,,,,,,,,2026-06-30,ESTIMATED,-35,DATA PENDING (lock passed),ACTIVE_NOT_RECRUITING,PHASE3,311,ACTUAL,NCT06347016,"ARROWHEAD PHARMACEUTICALS, INC.",Study of Plozasiran in Adults With Severe Hypertriglyceridemia
CELC,2026-06-30,CTGOV,medium,,,,,,,,,,,,2026-06-30,ESTIMATED,-35,DATA PENDING (lock passed),ACTIVE_NOT_RECRUITING,PHASE3,701,ESTIMATED,NCT05501886,Celcuity Inc.,Gedatolisib Plus Fulvestrant With or Without Palbociclib vs Standard-o
CLDX,2026-06-30,CTGOV,medium,,,,,,,,,,,,2026-06-30,ESTIMATED,-35,DATA PENDING (lock passed),ACTIVE_NOT_RECRUITING,PHASE2,140,ACTUAL,NCT06366750,"Celldex Therapeutics, Inc.",A Study of Barzolvolimab in Patients With Prurigo Nodularis
CLNN,2026-06-30,CTGOV,medium,,,,,,,,,,,,2026-06-30,ESTIMATED,-35,DATA PENDING (lock passed),ACTIVE_NOT_RECRUITING,PHASE2,40,ESTIMATED,NCT05299658,Clene Inc.,An Open-Label Extension for the Phase 2 Study in Early Symptomatic Amy
FDMT,2026-06-30,CTGOV,medium,,,,,,,,,,,,2026-06-30,ESTIMATED,-35,DATA PENDING (lock passed),ACTIVE_NOT_RECRUITING,"PHASE1,PHASE2",21,ACTUAL,NCT04517149,"4D Molecular Therapeutics, Inc.",4D-125 in Patients With X-Linked Retinitis Pigmentosa (XLRP)
LGVN,2026-06-30,CTGOV,medium,,,,,,,,,,,,2026-06-30,ESTIMATED,-35,DATA PENDING (lock passed),ACTIVE_NOT_RECRUITING,PHASE2,40,ACTUAL,NCT04925024,Longeveron Inc.,Evaluation of Lomecel-B™ Injection in Patients With Hypoplastic Left H
QTTB,2026-06-30,CTGOV,medium,,,,,,,,,,,,2026-06-30,ESTIMATED,-35,DATA PENDING (lock passed),ACTIVE_NOT_RECRUITING,PHASE2,75,ESTIMATED,NCT06018428,Q32 Bio Inc.,A Phase 2a Proof-of-Concept Trial of Bempikibart (ADX-914) for the Tre
RVMD,2026-06-30,CTGOV,medium,,,,,,,,,,,,2026-06-30,ESTIMATED,-35,DATA PENDING (lock passed),ACTIVE_NOT_RECRUITING,PHASE3,500,ACTUAL,NCT06625320,"Revolution Medicines, Inc.",Phase 3 Study of Daraxonrasib (RMC-6236) in Patients With Previously T
ZBIO,2026-06-30,CTGOV,medium,,,,,,,,,,,,2026-06-30,ESTIMATED,-35,DATA PENDING (lock passed),ACTIVE_NOT_RECRUITING,PHASE3,134,ESTIMATED,NCT05786573,"Zenas BioPharma, Inc.",A Study of Obexelimab in Patients With Warm Autoimmune Hemolytic Anemi
CRBP,2026-07-02,CTGOV,medium,,,,,,,,,,,,2026-07-02,ESTIMATED,-33,DATA PENDING (lock passed),ACTIVE_NOT_RECRUITING,PHASE1,252,ESTIMATED,NCT07310901,"Corbus Pharmaceuticals Holdings, Inc.","A 2-part, Phase 1b Clinical Study Designed to Evaluate the Safety, PK,"
AZTR,2026-07-07,CTGOV,medium,,,,,,,,,,,,2026-07-07,ACTUAL,-28,REPORTED/IMMINENT,COMPLETED,PHASE1,6,ACTUAL,NCT06137157,"Azitra, Inc.",Evaluation of Topical ATR12-351 in Adults With Netherton Syndrome
BNTX,2026-07-23,CTGOV,medium,,,,,,,,,,,,2026-07-23,ESTIMATED,-12,DATA PENDING (lock passed),ACTIVE_NOT_RECRUITING,PHASE3,4292,ESTIMATED,NCT05543616,BioNTech SE,A Study to Learn About Variant-Adapted COVID-19 RNA Vaccine Candidate(
LTRN,2026-07-28,CTGOV,medium,,,,,,,,,,,,2026-07-28,ESTIMATED,-7,DATA PENDING (lock passed),ACTIVE_NOT_RECRUITING,"PHASE1,PHASE2",64,ACTUAL,NCT05933265,Lantern Pharma Inc.,Study of LP-184 in Patients With Advanced Solid Tumors
ALT,2026-07-30,CTGOV,medium,,,,,,,,,,,,2026-07-30,ACTUAL,-5,REPORTED/IMMINENT,COMPLETED,PHASE2,100,ACTUAL,NCT06987513,"Altimmune, Inc.",RECLAIM STUDY: Phase 2 Study of the Efficacy and Safety of Pemvidutide
ABBV,2026-07-31,CTGOV,medium,,,,,,,,,,,,2026-07-31,ESTIMATED,-4,DATA PENDING (lock passed),ACTIVE_NOT_RECRUITING,PHASE3,157,ACTUAL,NCT05995340,AbbVie Inc.,ELAPR002f Injectable Gel in the Treatment of Atrophic Acne Scars
ELVN,2026-07-31,CTGOV,medium,,,,,,,,,,,,2026-07-31,ESTIMATED,-4,DATA PENDING (lock passed),ACTIVE_NOT_RECRUITING,PHASE1,198,ESTIMATED,NCT05650879,"Enliven Therapeutics, Inc.",ELVN-002 in HER2 Mutant Non-Small Cell Lung Cancer
GLUE,2026-07-31,CTGOV,medium,,,,,,,,,,,,2026-07-31,ESTIMATED,-4,DATA PENDING (lock passed),ACTIVE_NOT_RECRUITING,PHASE1,100,ESTIMATED,NCT07119125,"Monte Rosa Therapeutics, Inc.","A First-in-human, 3-part Study of MRT-8102 in Healthy Participants and"
IOVA,2026-07-31,CTGOV,medium,,,,,,,,,,,,2026-07-31,ESTIMATED,-4,DATA PENDING (lock passed),ACTIVE_NOT_RECRUITING,PHASE1,40,ESTIMATED,NCT06566092,"IOVANCE BIOTHERAPEUTICS, INC.","Study of Autologous Tumor-Infiltrating Lymphocytes in Pediatric, Adole"
JAZZ,2026-07-31,CTGOV,medium,,,,,,,,,,,,2026-07-31,ESTIMATED,-4,DATA PENDING (lock passed),ACTIVE_NOT_RECRUITING,PHASE3,920,ACTUAL,NCT05152147,Jazz Pharmaceuticals plc,A Study of Zanidatamab in Combination With Chemotherapy Plus or Minus 
RARE,2026-07-31,CTGOV,medium,,,,,,,,,,,,2026-07-31,ESTIMATED,-4,DATA PENDING (lock passed),ACTIVE_NOT_RECRUITING,PHASE3,129,ACTUAL,NCT06617429,Ultragenyx Pharmaceutical Inc.,Phase 3 Efficacy and Safety Study of GTX-102 in Pediatric Subjects Wit
SION,2026-07-31,CTGOV,medium,,,,,,,,,,,,2026-07-31,ESTIMATED,-4,DATA PENDING (lock passed),ACTIVE_NOT_RECRUITING,PHASE2,16,ESTIMATED,NCT07108153,"Sionna Therapeutics, Inc.","Proof-of-concept Study to Evaluate the Safety, Tolerability, Pharmacod"
SYRE,2026-08-19,CTGOV,medium,,,,,,,,,,,,2026-08-19,ESTIMATED,15,SOON (<=60d),ACTIVE_NOT_RECRUITING,PHASE1,50,ACTUAL,NCT06672718,"Spyre Therapeutics, Inc.",A Study of SPY002-091 in Healthy Volunteers
CLRB,2026-08-25,CTGOV,medium,,,,,,,,,,,,2026-08-25,ESTIMATED,21,SOON (<=60d),ACTIVE_NOT_RECRUITING,PHASE1,30,ESTIMATED,NCT03478462,"Cellectar Biosciences, Inc.",Dose Escalation Study of CLR 131 in Pediatric Relapsed/Refractory Mali
ACRS,2026-08-31,CTGOV,medium,,,,,,,,,,,,2026-08-31,ESTIMATED,27,SOON (<=60d),ACTIVE_NOT_RECRUITING,PHASE2,110,ACTUAL,NCT07011706,"Aclaris Therapeutics, Inc.",ATI-045 Versus Placebo in Patients With Moderate-to-Severe Atopic Derm
ARGX,2026-08-31,CTGOV,medium,,,,,,,,,,,,2026-08-31,ESTIMATED,27,SOON (<=60d),ACTIVE_NOT_RECRUITING,PHASE2,60,ESTIMATED,NCT06441682,ARGENX SE,A Safety and Efficacy Study of ARGX-119 in Adult Patients With Amyotro
BIVI,2026-08-31,CTGOV,medium,,,,,,,,,,,,2026-08-31,ESTIMATED,27,SOON (<=60d),ACTIVE_NOT_RECRUITING,PHASE2,203,ACTUAL,NCT06847191,BIOVIE INC.,NE3107 in Adults With Neurological Symptoms of Long COVID
EYPT,2026-08-31,CTGOV,medium,,,,,,,,,,,,2026-08-31,ESTIMATED,27,SOON (<=60d),ACTIVE_NOT_RECRUITING,PHASE3,400,ESTIMATED,NCT06668064,"EyePoint, Inc.",A 2-year Study of EYP-1901 in Subjects With Wet Age Related Macular De
GPCR,2026-08-31,CTGOV,medium,,,,,,,,,,,,2026-08-31,ESTIMATED,27,SOON (<=60d),ACTIVE_NOT_RECRUITING,PHASE2,71,ACTUAL,NCT07169942,Structure Therapeutics Inc.,Aleniglipron Phase 2 Body Composition Study
IVVD,2026-08-31,CTGOV,medium,,,,,,,,,,,,2026-08-31,ESTIMATED,27,SOON (<=60d),ACTIVE_NOT_RECRUITING,PHASE3,1770,ESTIMATED,NCT07298434,"Invivyd, Inc.",Study of VYD2311 for the Prevention of COVID-19
KOD,2026-08-31,CTGOV,medium,,,,,,,,,,,,2026-08-31,ESTIMATED,27,SOON (<=60d),ACTIVE_NOT_RECRUITING,PHASE3,675,ESTIMATED,NCT06556368,Kodiak Sciences Inc.,A Study to Evaluate the Efficacy and Safety of Tarcocimab Tedromer and
KPTI,2026-08-31,CTGOV,medium,,,,,,,,,,,,2026-08-31,ESTIMATED,27,SOON (<=60d),ACTIVE_NOT_RECRUITING,PHASE3,257,ACTUAL,NCT05611931,Karyopharm Therapeutics Inc.,Selinexor in Maintenance Therapy After Systemic Therapy for Participan
KYTX,2026-08-31,CTGOV,medium,,,,,,,,,,,,2026-08-31,ESTIMATED,27,SOON (<=60d),ACTIVE_NOT_RECRUITING,"PHASE1,PHASE2",6,ACTUAL,NCT05938725,"Kyverna Therapeutics, Inc.",KYSA-1: A Study of Anti-CD19 Chimeric Antigen Receptor T-Cell (CD19 CA
MANE,2026-08-31,CTGOV,medium,,,,,,,,,,,,2026-08-31,ESTIMATED,27,SOON (<=60d),ACTIVE_NOT_RECRUITING,PHASE2,70,ESTIMATED,NCT06527365,"Veradermics, Inc",Safety and Efficacy of VDPHL01 in Males and Females With AGA
MIRM,2026-08-31,CTGOV,medium,,,,,,,,,,,,2026-08-31,ESTIMATED,27,SOON (<=60d),ACTIVE_NOT_RECRUITING,PHASE3,80,ESTIMATED,NCT07298330,"Mirum Pharmaceuticals, Inc.",A Trial Evaluating Brelovitug vs Delayed Treatment for the Treatment o
RCUS,2026-08-31,CTGOV,medium,,,,,,,,,,,,2026-08-31,ESTIMATED,27,SOON (<=60d),ACTIVE_NOT_RECRUITING,PHASE3,1040,ACTUAL,NCT05568095,"Arcus Biosciences, Inc.","A Clinical Trial of a New Combination Treatment, Domvanalimab and Zimb"
SLGL,2026-08-31,CTGOV,medium,,,,,,,,,,,,2026-08-31,ESTIMATED,27,SOON (<=60d),ACTIVE_NOT_RECRUITING,PHASE3,140,ESTIMATED,NCT06050122,Sol-Gel Technologies Ltd.,Efficacy and Safety of Patidegib Gel 2% for Preventing Basal Cell Carc
TENX,2026-08-31,BOTH,high,LEVEL-2,code,2026-08-31,month,10-Q,2026-07-31,0001193125-26-327455,https://www.sec.gov/Archives/edgar/data/0000034956/000119312526327455/tennx-20260630.htm,"available, in short-term money market investment instruments and high quality corporate and government bonds. We completed randomization in the LEVEL trial at the end of the first quarter of 2026 and expect to report topline data in August 2026. We began our LEVEL-2 trial in December 2025 and are currently enrolling patients, with enrollment completion anticipated by the end of 2027. Our ability t",2834,Pharmaceutical Preparations,2026-06-30,ACTUAL,-35,DATA PENDING (lock passed),ACTIVE_NOT_RECRUITING,PHASE3,230,ESTIMATED,NCT05983250,"TENAX THERAPEUTICS, INC.",LEVosimendan to Improve Exercise Limitation in Patients With PH-HFpEF
VSTM,2026-08-31,CTGOV,medium,,,,,,,,,,,,2026-08-31,ESTIMATED,27,SOON (<=60d),ACTIVE_NOT_RECRUITING,"PHASE1,PHASE2",40,ESTIMATED,NCT05669482,"Verastem, Inc.",Study of Avutometinib (VS-6766) +Defactinib With Gemcitabine and Nab-p
STOK,2026-08-31,EDGAR,medium,STK-002,code,2026-08-31,month,EX-99.1,2026-08-03,0001193125-26-330537,https://www.sec.gov/Archives/edgar/data/0001623526/000119312526330537/stok-ex99_1.htm,"ng of the second cohort is expected to begin in August 2026. Subject to ongoing safety assessments, dosing in the third and fourth cohorts are expected to follow with a readout of safety and efficacy results anticipated in the first half of 2027. Data from the OSPREY study will help to inform potential future development of STK-002. &#160; All eight planned OSPREY clinical trial sites are now acti",2834,Pharmaceutical Preparations,,,,GUIDED (company statement),,,,,,"Stoke Therapeutics, Inc.",
ALZN,2026-08-31,EDGAR,medium,AL001,code,2026-08-31,month,10-K,2026-07-22,0001214659-26-008832,https://www.sec.gov/Archives/edgar/data/0001677077/000121465926008832/az72426110k.htm,"e effects across all brain regions whereas AL001 showed minimal glutamate effect in most brain regions, which may suggest better long-term tolerability. Full pharmacokinetics and pharmacodynamic&#160;results are expected in August 2026. &#160; In March 2026, we announced the initiation of the Phase II Clinical Trial of AL001 &#8220;Lithium in Brain&#8221; Study in Patients with BD and expect to re",2834,Pharmaceutical Preparations,,,,GUIDED (company statement),,,,,,"Alzamend Neuro, Inc.",
MRK,2026-09-15,CTGOV,medium,,,,,,,,,,,,2026-09-15,ESTIMATED,42,SOON (<=60d),ACTIVE_NOT_RECRUITING,PHASE3,990,ESTIMATED,NCT04634877,"Merck & Co., Inc.",Study of Pembrolizumab (MK-3475) in Combination With Adjuvant Chemothe
ONC,2026-09-22,CTGOV,medium,,,,,,,,,,,,2026-09-22,ESTIMATED,49,SOON (<=60d),ACTIVE_NOT_RECRUITING,PHASE2,114,ACTUAL,NCT05952037,BeOne Medicines Ltd.,A Study to Investigate Efficacy and Safety of BCL2 Inhibitor Sonrotocl
MLTX,2026-09-28,CTGOV,medium,,,,,,,,,,,,2026-09-28,ESTIMATED,55,SOON (<=60d),ACTIVE_NOT_RECRUITING,PHASE3,35,ESTIMATED,NCT06768671,MoonLake Immunotherapeutics,"An Open-label, Single-arm Study to Evaluate Pharmacokinetics and Safet"
ALMS,2026-09-30,BOTH,high,anifrolumab,inn,2026-09-30,quarter,EX-99.1,2026-06-29,0001104659-26-078507,https://www.sec.gov/Archives/edgar/data/0001847367/000110465926078507/tm2619143d1_ex99-1.htm,h 2 PsO data shows robust inhibition of Type I IFN gene signature Type I IFN is a key disease driver in SLE Approved SLE therapy (anifrolumab) validates IFN pathway targeting 26 LUMUS Phase 2b Trial: Topline Results Expected Q3 2026 Designed for high probability of clinical success and speed to market Lumus trial incorporates key learnings from past SLE trials &#x2022; Lumus trial requires stringe,2834,Pharmaceutical Preparations,2026-06-23,ACTUAL,-42,DATA PENDING (lock passed),ACTIVE_NOT_RECRUITING,PHASE2,408,ACTUAL,NCT05966480,ALUMIS INC.,Phase 2 Placebo-Controlled Study to Assess the Safety and Efficacy of 
APGE,2026-09-30,CTGOV,medium,,,,,,,,,,,,2026-09-30,ESTIMATED,57,SOON (<=60d),ACTIVE_NOT_RECRUITING,PHASE1,31,ACTUAL,NCT06920901,"Apogee Therapeutics, Inc.","A Study to Evaluate the Safety, Tolerability, Pharmacokinetics (PK), a"
AVIR,2026-09-30,CTGOV,medium,,,,,,,,,,,,2026-09-30,ESTIMATED,57,SOON (<=60d),ACTIVE_NOT_RECRUITING,PHASE3,880,ESTIMATED,NCT06868264,"Atea Pharmaceuticals, Inc.",C-BEYOND: Efficacy and Safety of BEM/RZR vs. SOF/VEL in Subjects With 
BHVN,2026-09-30,CTGOV,medium,,,,,,,,,,,,2026-09-30,ESTIMATED,57,SOON (<=60d),ACTIVE_NOT_RECRUITING,PHASE2,150,ESTIMATED,NCT07281495,Biohaven Ltd.,Taldefgrobep Alfa in Adults With Overweight and Obesity
CGEM,2026-09-30,CTGOV,medium,,,,,,,,,,,,2026-09-30,ESTIMATED,57,SOON (<=60d),ACTIVE_NOT_RECRUITING,PHASE1,30,ESTIMATED,NCT06381141,"Cullinan Therapeutics, Inc.",A Study of CLN-619 (Anti-MICA/MICB Antibody) in Patients With Relapsed
DFTX,2026-09-30,BOTH,high,DT120,code,2026-09-30,quarter,424B5,2026-06-24,0001104659-26-077349,https://www.sec.gov/Archives/edgar/data/0001813814/000110465926077349/tm2618395-2_424b5.htm,"ODT 100 &#181;g, DT120 ODT 50 &#181;g or placebo. The primary endpoint for each trial is the change from baseline in HAM-A score at Week 12 between DT120 ODT 100 &#181;g and placebo. We anticipate a topline readout (Part&#160;A results) for Voyage in early third quarter 2026 and a topline readout (Part&#160;A results) for Panorama in late third quarter 2026. In addition to our Phase&#160;3 clinica",2833,Medicinal Chemicals & Botanical Products,2026-07-31,ESTIMATED,-4,DATA PENDING (lock passed),ACTIVE_NOT_RECRUITING,PHASE3,214,ACTUAL,NCT06741228,"Definium Therapeutics, Inc.",A Phase 3 Trial of DT120 for Generalized Anxiety Disorder (Voyage)
EVMN,2026-09-30,BOTH,high,EVO756,code,2026-09-30,quarter,EX-99.1,2026-06-29,0001193125-26-286918,https://www.sec.gov/Archives/edgar/data/0002044725/000119312526286918/evmn-ex99_1.htm,"rial results in this indication, we continue to believe that modulation of MRGPRX2 represents a new potential therapeutic option to reduce inflammation and provide rapid relief of symptoms. We remain on track to report top-line Phase 2b data for EVO756 in atopic dermatitis (AD) in the third quarter of 2026. We have also initiated screening in a Phase 2b trial of EVO756 in migraine prophylaxis, and",2834,Pharmaceutical Preparations,2026-07-31,ESTIMATED,-4,DATA PENDING (lock passed),ACTIVE_NOT_RECRUITING,PHASE2,120,ESTIMATED,NCT07150845,"Evommune, Inc.",Phase 2b Study of EVO756 in Adults With Atopic Dermatitis
EWTX,2026-09-30,CTGOV,medium,,,,,,,,,,,,2026-09-30,ESTIMATED,57,SOON (<=60d),ACTIVE_NOT_RECRUITING,PHASE2,244,ACTUAL,NCT05291091,"Edgewise Therapeutics, Inc.",Phase 2 Study of EDG-5506 in Becker Muscular Dystrophy (GRAND CANYON)
IBRX,2026-09-30,CTGOV,medium,,,,,,,,,,,,2026-09-30,ESTIMATED,57,SOON (<=60d),ACTIVE_NOT_RECRUITING,"PHASE1,PHASE2",369,ACTUAL,NCT02138734,"ImmunityBio, Inc.",A Study of Intravesical BCG in Combination With ALT-803 in Patients Wi
IRON,2026-09-30,BOTH,high,DISC-3405,code,2026-09-30,quarter,EX-99.1,2026-07-30,0001193125-26-325031,https://www.sec.gov/Archives/edgar/data/0001816736/000119312526325031/iron-ex99_1.htm,-0974) in anemia of myelofibrosis and the HELIOS open-label extension trial of bitopertin in EPP &#x2022; Completed enrollment for RESTORE-PV Phase 2 study of DISC-3405 in polycythemia vera (PV) with initial data expected in Q3 2026 and progressing Phase 1b study of DISC-3405 in sickle cell disease (SCD) with initial data expected in Q4 2026 &#x2022; Strong financial position ending Q2 with approx,2834,Pharmaceutical Preparations,2026-09-30,ESTIMATED,57,SOON (<=60d),ACTIVE_NOT_RECRUITING,PHASE3,183,ACTUAL,NCT06910358,"Disc Medicine, Inc.",Study of Bitopertin in Participants With EPP or XLP (APOLLO)
PHVS,2026-09-30,BOTH,high,deucrictibant,named,2026-09-30,quarter,EX-99.1,2026-06-11,0001193125-26-266666,https://www.sec.gov/Archives/edgar/data/0001830487/000119312526266666/phvs-ex99_1.htm,"ase capsule as an on-demand treatment of HAE attacks, and a global pivotal Phase 3 study of deucrictibant extended-release tablet for the prevention of HAE attacks (CHAPTER-3) is ongoing with topline data anticipated in the third quarter of 2026. In addition, CREAATE is an ongoing Phase 3 study of deucrictibant for the prophylactic and on-demand treatment of AAE-C1INH attacks. For more information",2834,Pharmaceutical Preparations,2026-08-31,ESTIMATED,27,SOON (<=60d),ACTIVE_NOT_RECRUITING,PHASE3,81,ESTIMATED,NCT06669754,Pharvaris N.V.,Study of Oral Deucrictibant Extended-Release Tablet for Prophylaxis Ag
SLN,2026-09-30,CTGOV,medium,,,,,,,,,,,,2026-09-30,ESTIMATED,57,SOON (<=60d),ACTIVE_NOT_RECRUITING,"PHASE1,PHASE2",69,ACTUAL,NCT05499013,Silence Therapeutics plc,Study to Assess SLN124 in Patients With Polycythemia Vera
STTK,2026-09-30,BOTH,high,SL-846,code,2026-09-30,quarter,EX-99.3,2026-06-09,0001193125-26-263831,https://www.sec.gov/Archives/edgar/data/0001680367/000119312526263831/d120796dex993.htm,erization of SL-846 versus controls will be provided at an upcoming medical meeting Conclusions SL-325 Has the Profile of a Winning Antibody Phase 2 Initiation in CD Expected in Q3 2026 12W Induction Data Expected in 1H 2028 SL-846 is a Potentially First-In-Class DR3 x IL-23R Bispecific Antibody NHP Tox/Immunogenicity Data Expected in 2H 2026 Phase 1 Initiation Expected in 1H 2027 Potentially best,2834,Pharmaceutical Preparations,2026-07-31,ESTIMATED,-4,DATA PENDING (lock passed),ACTIVE_NOT_RECRUITING,PHASE1,72,ESTIMATED,NCT07158437,"Shattuck Labs, Inc.",Phase 1 Study of SL-325 in Healthy Volunteers
TLSA,2026-09-30,CTGOV,medium,,,,,,,,,,,,2026-09-30,ESTIMATED,57,SOON (<=60d),ACTIVE_NOT_RECRUITING,PHASE2,54,ESTIMATED,NCT06292923,Tiziana Life Sciences Ltd,A Study of Nasal Foralumab in Non-Active Secondary Progressive Multipl
TNGX,2026-09-30,CTGOV,medium,,,,,,,,,,,,2026-09-30,ESTIMATED,57,SOON (<=60d),ACTIVE_NOT_RECRUITING,"PHASE1,PHASE2",126,ESTIMATED,NCT05887492,"Tango Therapeutics, Inc.",Study of TNG260 and an Anti-PD Antibody in STK11 Mutated Solid Tumors
VERA,2026-09-30,CTGOV,medium,,,,,,,,,,,,2026-09-30,ESTIMATED,57,SOON (<=60d),ACTIVE_NOT_RECRUITING,PHASE2,90,ESTIMATED,NCT07020923,"Vera Therapeutics, Inc.",Monthly Dosing of Atacicept in IgAN
VNDA,2026-09-30,CTGOV,medium,,,,,,,,,,,,2026-09-30,ESTIMATED,57,SOON (<=60d),ACTIVE_NOT_RECRUITING,PHASE3,70,ESTIMATED,NCT04652882,Vanda Pharmaceuticals Inc.,Evaluating the Effects of Tasimelteon vs. Placebo in Delayed Sleep-Wak
VTGN,2026-09-30,BOTH,high,fasedienol,named,2026-09-30,quarter,EX-99.1,2026-06-15,0001628280-26-043232,https://www.sec.gov/Archives/edgar/data/0001411685/000162828026043232/vtgn-20260615xex991.htm,ase 3 trial of fasedienol for the acute treatment of social anxiety disorder&#59; topline results expected this month Completed randomized portion of fasedienol Phase 2 repeat dose study&#59; topline results expected in third quarter 2026 Achieved minimum ICH E1 safety exposure recommendations across fasedienol clinical program Reported preliminary positive data from open-label extension portion o,2834,Pharmaceutical Preparations,2026-04-21,ACTUAL,-105,DATA PENDING (lock passed),ACTIVE_NOT_RECRUITING,PHASE3,238,ACTUAL,NCT06615557,"Vistagen Therapeutics, Inc.",Fasedienol Nasal Spray for the Acute Treatment of Anxiety in Adults Wi
WVE,2026-09-30,CTGOV,medium,,,,,,,,,,,,2026-09-30,ESTIMATED,57,SOON (<=60d),ACTIVE_NOT_RECRUITING,"PHASE1,PHASE2",24,ESTIMATED,NCT06405633,Wave Life Sciences Ltd.,"A Phase 1b/2a, Open-label Single Ascending Doses and Multiple Ascendin"
MBRX,2026-09-30,EDGAR,medium,Annamycin,named,2026-09-30,month,EX-99.1,2026-07-31,0001437749-26-025167,https://www.sec.gov/Archives/edgar/data/0001659617/000143774926025167/ex_995334.htm,"4 of 90 subjects, and additional subjects continue to be identified by site investigators. The Company expects to treat the 90th subject in September 2026, with unblinding of the comprehensive Part A data anticipated in the December 2026 to February 2027 timeframe. The trial continues with no evidence of cardiotoxicity. &nbsp; MIRACLE is a pivotal Phase 2/3 study of Annamycin in combination with c",2834,Pharmaceutical Preparations,,,,GUIDED (company statement),,,,,,"Moleculin Biotech, Inc.",
REGN,2026-10-12,CTGOV,medium,,,,,,,,,,,,2026-10-12,ESTIMATED,69,UPCOMING (<=6mo),ACTIVE_NOT_RECRUITING,PHASE3,202,ACTUAL,NCT05133531,"REGENERON PHARMACEUTICALS, INC.",A Study to Evaluate How Safe Pozelimab + Cemdisiran Combination Therap
SLDB,2026-10-15,CTGOV,medium,,,,,,,,,,,,2026-10-15,ESTIMATED,72,UPCOMING (<=6mo),ACTIVE_NOT_RECRUITING,"PHASE1,PHASE2",12,ACTUAL,NCT03368742,Solid Biosciences Inc.,Microdystrophin Gene Transfer Study in Adolescents and Children With D
ANNX,2026-10-31,CTGOV,medium,,,,,,,,,,,,2026-10-31,ESTIMATED,88,UPCOMING (<=6mo),ACTIVE_NOT_RECRUITING,PHASE3,659,ACTUAL,NCT06510816,"Annexon, Inc.",A Study Investigating the Efficacy and Safety of Intravitreal (IVT) In
IDYA,2026-10-31,CTGOV,medium,,,,,,,,,,,,2026-10-31,ESTIMATED,88,UPCOMING (<=6mo),ACTIVE_NOT_RECRUITING,PHASE1,216,ESTIMATED,NCT05787587,"IDEAYA Biosciences, Inc.",A Study of PARG Inhibitor IDE161 in Participants With Advanced Solid T
IMCR,2026-10-31,CTGOV,medium,,,,,,,,,,,,2026-10-31,ESTIMATED,88,UPCOMING (<=6mo),ACTIVE_NOT_RECRUITING,"PHASE1,PHASE2",410,ACTUAL,NCT04262466,Immunocore Holdings plc,Safety and Efficacy of IMC-F106C as a Single Agent and in Combination 
IMVT,2026-10-31,CTGOV,medium,,,,,,,,,,,,2026-10-31,ESTIMATED,88,UPCOMING (<=6mo),ACTIVE_NOT_RECRUITING,PHASE2,56,ESTIMATED,NCT06980805,"Immunovant, Inc.","A Study to Assess the Safety, Tolerability, and Efficacy of IMVT-1402 "
JBIO,2026-10-31,CTGOV,medium,,,,,,,,,,,,2026-10-31,ESTIMATED,88,UPCOMING (<=6mo),ACTIVE_NOT_RECRUITING,PHASE1,32,ACTUAL,NCT07059312,"Jade Biosciences, Inc.",A Phase 1 Study of JADE101 in Healthy Participants
PHAT,2026-10-31,CTGOV,medium,,,,,,,,,,,,2026-10-31,ESTIMATED,88,UPCOMING (<=6mo),ACTIVE_NOT_RECRUITING,PHASE2,95,ACTUAL,NCT06851559,"Phathom Pharmaceuticals, Inc.",A Study in Adult Participants With EoE to Evaluate Vonoprazan 20 mg Co
ERAS,2026-11-01,CTGOV,medium,,,,,,,,,,,,2026-11-01,ESTIMATED,89,UPCOMING (<=6mo),ACTIVE_NOT_RECRUITING,"PHASE1,PHASE2",200,ESTIMATED,NCT04866134,"Erasca, Inc.",A Study of ERAS-007 as Monotherapy or in Combination With ERAS-601 in 
SKYE,2026-11-20,CTGOV,medium,,,,,,,,,,,,2026-11-20,ESTIMATED,108,UPCOMING (<=6mo),ACTIVE_NOT_RECRUITING,PHASE2,136,ACTUAL,NCT06577090,"Skye Bioscience, Inc.",Study to Evaluate the Effect on Obesity of QW Nimacimab and QW Nimacim
TECX,2026-11-24,CTGOV,medium,,,,,,,,,,,,2026-11-24,ESTIMATED,112,UPCOMING (<=6mo),ACTIVE_NOT_RECRUITING,PHASE2,191,ESTIMATED,NCT06616974,"Tectonic Therapeutic, Inc.",A Study of TX000045 in Patients With Pulmonary Hypertension Secondary 
ATOS,2026-11-30,CTGOV,medium,,,,,,,,,,,,2026-11-30,ESTIMATED,118,UPCOMING (<=6mo),ACTIVE_NOT_RECRUITING,PHASE2,87,ESTIMATED,NCT05607004,"ATOSSA THERAPEUTICS, INC.",(Z)-Endoxifen for the Treatment of Premenopausal Women With ER+/HER2- 
CGON,2026-11-30,CTGOV,medium,,,,,,,,,,,,2026-11-30,ESTIMATED,118,UPCOMING (<=6mo),ACTIVE_NOT_RECRUITING,PHASE3,367,ACTUAL,NCT06111235,"CG Oncology, Inc.",A Study of Adjuvant Cretostimogene Grenadenorepvec for Treatment of In
CRDF,2026-11-30,CTGOV,medium,,,,,,,,,,,,2026-11-30,ESTIMATED,118,UPCOMING (<=6mo),ACTIVE_NOT_RECRUITING,PHASE2,110,ACTUAL,NCT06106308,"Cardiff Oncology, Inc.",Study of Onvansertib in Combination With FOLFIRI and Bevacizumab or FO
DBVT,2026-11-30,CTGOV,medium,,,,,,,,,,,,2026-11-30,ESTIMATED,118,UPCOMING (<=6mo),ACTIVE_NOT_RECRUITING,PHASE3,480,ESTIMATED,NCT07003919,DBV Technologies S.A.,Safety Study of Viaskin® Peanut Patch in Peanut-Allergic Children 1 Th
IMUX,2026-11-30,CTGOV,medium,,,,,,,,,,,,2026-11-30,ESTIMATED,118,UPCOMING (<=6mo),ACTIVE_NOT_RECRUITING,PHASE3,1121,ACTUAL,NCT05134441,"IMMUNIC, INC.","Study to Evaluate the Efficacy, Safety, and Tolerability of IMU-838 in"
PHAR,2026-11-30,CTGOV,medium,,,,,,,,,,,,2026-11-30,ESTIMATED,118,UPCOMING (<=6mo),ACTIVE_NOT_RECRUITING,PHASE3,15,ESTIMATED,NCT05438407,Pharming Group N.V.,Pediatric Patients Aged 4 to 11 Years With APDS
TYRA,2026-11-30,CTGOV,medium,,,,,,,,,,,,2026-11-30,ESTIMATED,118,UPCOMING (<=6mo),ACTIVE_NOT_RECRUITING,"PHASE1,PHASE2",310,ESTIMATED,NCT05544552,"Tyra Biosciences, Inc.",Safety and Preliminary Anti-Tumor Activity of TYRA-300 in Advanced Uro
VIR,2026-11-30,CTGOV,medium,,,,,,,,,,,,2026-11-30,ESTIMATED,118,UPCOMING (<=6mo),ACTIVE_NOT_RECRUITING,PHASE2,100,ESTIMATED,NCT07142811,"Vir Biotechnology, Inc.",A Study to Evaluate Tobevibart+Elebsiran Versus Bulevirtide in Chronic
CMPX,2026-12-01,CTGOV,medium,,,,,,,,,,,,2026-12-01,ESTIMATED,119,UPCOMING (<=6mo),ACTIVE_NOT_RECRUITING,"PHASE2,PHASE3",168,ACTUAL,NCT05506943,"Compass Therapeutics, Inc.",A Study of CTX-009 in Combination With Paclitaxel in Adult Patients Wi
ABOS,2026-12-31,BOTH,high,NCT06335173,nct,2026-12-31,half,EX-99.1,2026-06-16,0001628280-26-043416,https://www.sec.gov/Archives/edgar/data/0001576885/000162828026043416/exhibit991-acumenebdcandid.htm,"zheimer&#8217;s disease (mild cognitive impairment or mild dementia due to AD) at multiple investigative sites located in the United States, Canada, the European Union and the United Kingdom. Topline results are expected in late 2026. More information can be found on www.clinicaltrials.gov , NCT identifier NCT06335173. About Acumen Pharmaceuticals, Inc. Acumen Pharmaceuticals is a clinical-stage b",2836,"Biological Products, (No Diagnostic Substances)",2026-10-31,ESTIMATED,88,UPCOMING (<=6mo),ACTIVE_NOT_RECRUITING,PHASE2,542,ACTUAL,NCT06335173,"Acumen Pharmaceuticals, Inc.",A Study to Evaluate Efficacy and Safety of Intravenous Sabirnetug in P
BCDA,2026-12-31,CTGOV,medium,,,,,,,,,,,,2026-12-31,ESTIMATED,149,UPCOMING (<=6mo),ACTIVE_NOT_RECRUITING,"PHASE1,PHASE2",39,ESTIMATED,NCT05925608,"BioCardia, Inc.",Clinical Trial of Human Allogenic Culture-expanded Bone Marrow-derived
BEAM,2026-12-31,CTGOV,medium,,,,,,,,,,,,2026-12-31,ESTIMATED,149,UPCOMING (<=6mo),ACTIVE_NOT_RECRUITING,"PHASE1,PHASE2",5,ACTUAL,NCT05885464,Beam Therapeutics Inc.,A Study Evaluating the Safety and Efficacy of BEAM-201 in Relapsed/Ref
DNLI,2026-12-31,CTGOV,medium,,,,,,,,,,,,2026-12-31,ESTIMATED,149,UPCOMING (<=6mo),ACTIVE_NOT_RECRUITING,"PHASE1,PHASE2",85,ACTUAL,NCT05262023,Denali Therapeutics Inc.,"A Study to Evaluate the Safety, Tolerability, Pharmacokinetics, and Ph"
IMRX,2026-12-31,BOTH,high,atebimetinib,inn,2026-12-31,half,8-K,2026-06-01,0001790340-26-000059,https://www.sec.gov/Archives/edgar/data/0001790340/000179034026000059/imrx-20260601.htm,"6; In mid-2026, dosing the first patient in a pivotal Phase 3 clinical trial of atebimetinib in combination with mGnP in first-line pancreatic cancer patients (known as MAPKeeper 301), with a topline data readout expected in mid-2028. &#8226; In the second half of 2026, dosing the first patient in a clinical trial of atebimetinib in combination with Libtayo&#174; in non-small cell lung cancer pati",2834,Pharmaceutical Preparations,2026-06-30,ESTIMATED,-35,DATA PENDING (lock passed),ACTIVE_NOT_RECRUITING,"PHASE1,PHASE2",209,ACTUAL,NCT05585320,Immuneering Corp,A Phase 1/2a Study of IMM-1-104 in Participants With Advanced or Metas
INO,2026-12-31,CTGOV,medium,,,,,,,,,,,,2026-12-31,ESTIMATED,149,UPCOMING (<=6mo),ACTIVE_NOT_RECRUITING,"PHASE1,PHASE2",52,ACTUAL,NCT03491683,"INOVIO PHARMACEUTICALS, INC.",INO-5401 and INO-9012 Delivered by Electroporation (EP) in Combination
INSM,2026-12-31,CTGOV,medium,,,,,,,,,,,,2026-12-31,ESTIMATED,149,UPCOMING (<=6mo),ACTIVE_NOT_RECRUITING,"PHASE2,PHASE3",91,ACTUAL,NCT05649748,INSMED Inc,An Extension Study of Treprostinil Palmitil Inhalation Powder (TPIP) f
LXEO,2026-12-31,CTGOV,medium,,,,,,,,,,,,2026-12-31,ESTIMATED,149,UPCOMING (<=6mo),ACTIVE_NOT_RECRUITING,"PHASE1,PHASE2",10,ESTIMATED,NCT06109181,"Lexeo Therapeutics, Inc.",Gene Therapy for ACM Due to a PKP2 Pathogenic Variant
MDGL,2026-12-31,CTGOV,medium,,,,,,,,,,,,2026-12-31,ESTIMATED,149,UPCOMING (<=6mo),ACTIVE_NOT_RECRUITING,PHASE3,845,ESTIMATED,NCT05500222,"MADRIGAL PHARMACEUTICALS, INC.",A Phase 3 Study to Evaluate the Effect of Resmetirom on Clinical Outco
QURE,2026-12-31,BOTH,high,AMT-130,code,2026-12-31,half,EX-99.1,2026-07-29,0001104659-26-087808,https://www.sec.gov/Archives/edgar/data/0001590560/000110465926087808/qure-20260729xex99d1.htm,"rter &#8212; a milestone that reflects years of rigorous science, disciplined execution, and an unwavering commitment to the patients and families living with this devastating disease. With four-year data expected in September and the U.K. regulatory activities progressing as planned, we enter the second half of 2026 with real momentum and a clear line of sight to potentially bringing this therapy",2834,Pharmaceutical Preparations,2026-09-30,ESTIMATED,57,SOON (<=60d),ACTIVE_NOT_RECRUITING,"PHASE1,PHASE2",20,ESTIMATED,NCT06100276,uniQure N.V.,"Safety, Tolerability, and Exploratory Efficacy Study of Intrathecally "
RGNX,2026-12-31,BOTH,high,RGX-314,code,2026-12-31,quarter,EX-99.1,2026-06-29,0001193125-26-286825,https://www.sec.gov/Archives/edgar/data/0001590877/000119312526286825/rgnx-ex99_1.htm,"tential of an in-office gene therapy approach. &#160; &#160; Five-year long-term follow-up data from the Phase I/IIa study of subretinal sura-vec for wet AMD will also be presented at ASRS. REGENXBIO expects to announce topline data with AbbVie from the ATMOSPHERE &#174; and ASCENT &#174; pivotal trials of sura-vec using subretinal delivery in Q4 2026. &#160; About Surabgene Lomparvovec (sura-vec,",2836,"Biological Products, (No Diagnostic Substances)",2026-09-30,ESTIMATED,57,SOON (<=60d),ACTIVE_NOT_RECRUITING,"PHASE2,PHASE3",65,ESTIMATED,NCT05693142,REGENXBIO Inc.,AFFINITY DUCHENNE: RGX-202 Gene Therapy in Participants With Duchenne 
SNDX,2026-12-31,BOTH,high,SNDX-62122,code,2026-12-31,quarter,EX-99.1,2026-07-14,0001193125-26-302608,https://www.sec.gov/Archives/edgar/data/0001395937/000119312526302608/sndx-ex99_1.htm,"the development of SNDX-62122 to be informed and de-risked by a Phase 1/2 proof-of-principal trial of revumenib in MF that is expected to initiate in the fourth quarter of 2026 with initial clinical data expected in the second half of 2027. Ongoing late-stage trials of Revuforj &#174; (revumenib) and Niktimvo&#153;(axatilimab-csfr) &#x2022; During the R&amp;D event, the Company will highlight its ",2834,Pharmaceutical Preparations,2026-09-30,ESTIMATED,57,SOON (<=60d),ACTIVE_NOT_RECRUITING,PHASE2,145,ACTUAL,NCT06132256,Syndax Pharmaceuticals Inc,MAXPIRe: Study to Evaluate Axatilimab in Participants With Idiopathic 
TGTX,2026-12-31,BOTH,high,ublituximab,inn,2026-12-31,half,EX-99.1,2026-06-03,0001437749-26-019262,https://www.sec.gov/Archives/edgar/data/0001001316/000143774926019262/ex_970980.htm,"sing): 400 mg administered on Day 1 and 15, and Week 12, and every 12 weeks thereafter Total dose administered through Week 24: 1,200 mg &nbsp; The Phase 3 trial has completed enrollment, and topline results are expected in late 2026 or early 2027. &nbsp; &nbsp; ABOUT BRIUMVI &#174; (ublituximab-xiiy) 150 mg/6 mL Injection for IV BRIUMVI is a novel monoclonal antibody that targets a unique epitope",2834,Pharmaceutical Preparations,2026-10-31,ESTIMATED,88,UPCOMING (<=6mo),ACTIVE_NOT_RECRUITING,PHASE3,360,ESTIMATED,NCT07211633,"TG THERAPEUTICS, INC.","A Study to Evaluate the Pharmacokinetics, Pharmacodynamics, Safety, Ra"
ZURA,2026-12-31,BOTH,high,ZB-106,code,2026-12-31,quarter,EX-99.1,2026-07-01,0001104659-26-079538,https://www.sec.gov/Archives/edgar/data/0001855644/000110465926079538/tm2619483d1_ex99-1.htm,"implicated in dysfunction of neutrophils, macrophages, and keratinocytes Program &#x25AA; Tibulizumab (BAFF + IL-17A bispecific antibody) &#x25AA; Phase 2 TibuSHIELD clinical study in adults with HS; topline data expected Q4 2026 Th17 cell IL-17A IL-17A B cell tibulizumab | ZB-106 Acronyms: BAFF, B cell activating factor; HS, hidradenitis suppurativa; IL-17A, interleukin-17A; Th17, T helper 17 cel",2836,"Biological Products, (No Diagnostic Substances)",2026-11-30,ESTIMATED,118,UPCOMING (<=6mo),ACTIVE_NOT_RECRUITING,PHASE2,225,ESTIMATED,NCT06993610,Zura Bio Ltd,Tibulizumab Skin Healing and Inflammation Evaluation for Lasting Defen
ZYME,2026-12-31,CTGOV,medium,,,,,,,,,,,,2026-12-31,ESTIMATED,149,UPCOMING (<=6mo),ACTIVE_NOT_RECRUITING,PHASE1,145,ESTIMATED,NCT06555744,Zymeworks Inc.,A Study of ZW191 in Participants With Solid Tumors
HELP,2026-12-31,EDGAR,medium,HLP003,code,2026-12-31,quarter,EX-99.1,2026-08-03,0001062993-26-003976,https://www.sec.gov/Archives/edgar/data/0001833141/000106299326003976/exhibit99-1.htm,"Mr. Halstead's appointment comes as Helus Pharma advances HLP003 through late-stage clinical development and prepares for potential commercialization. Enrollment is complete in APPROACH, with topline data expected in Q4 2026, while enrollment continues in EMBRACE, the second pivotal study in the Phase 3 PARADIGM program. Participant rollover is ongoing into EXTEND, the long-term extension study. M",2834,Pharmaceutical Preparations,,,,GUIDED (company statement),,,,,,CYBIN INC.,
TTRX,2026-12-31,EDGAR,medium,GX-03,code,2026-12-31,quarter,EX-99.1,2026-07-28,0001213900-26-081996,https://www.sec.gov/Archives/edgar/data/0002023016/000121390026081996/ea029941301ex99-1.htm,"patients have received GX-03 with zero reported adverse events&#185; FDA clearances with non-cytotoxic, non-sensitizing and non-irritating claims Phase 2 RCT trial underway for moderate to severe AD, topline results expected Q4 2026 &nbsp; &nbsp; 5 PRECLINICAL PHASE I PHASE 2 PHASE 3 Upcoming Milestones1 GX-03 IL-36&#945;, IL-36&#947;, IL-31 and IL-4 inhibitor Non-systemic and non-steroid potentia",2834,Pharmaceutical Preparations,,,,GUIDED (company statement),,,,,,Turn Therapeutics Inc.,
ENTA,2026-12-31,EDGAR,medium,EDP-978,code,2026-12-31,quarter,424B5,2026-07-02,0001193125-26-294828,https://www.sec.gov/Archives/edgar/data/0001177648/000119312526294828/d17914d424b5.htm,"ng serum tryptase, of EDP-978. The trial includes a single ascending dose (SAD) phase, with a two-part food-effect cohort, and a multiple ascending dose (MAD) phase with a 14-day treatment period. We expect to report topline data from this trial in the fourth quarter of 2026. &nbsp; S-2 Table of Contents We have a preclinical stage program to develop oral inhibitors of the signal transducer and ac",2834,Pharmaceutical Preparations,,,,GUIDED (company statement),,,,,,ENANTA PHARMACEUTICALS INC,
IPSC,2026-12-31,EDGAR,medium,CNTY-813,code,2026-12-31,quarter,EX-99.1,2026-06-08,0001104659-26-071383,https://www.sec.gov/Archives/edgar/data/0001850119/000110465926071383/tm2617028d1_ex99-1.htm,"ical manufacturing process has been established demonstrating consistent endocrine purity and optimal islet cell content &nbsp; &middot; CNTY-813 IND submission on track for 4Q 2026; initial clinical data expected in 2H 2027 &nbsp; PHILADELPHIA, June&nbsp;8, 2026 - Century Therapeutics,&nbsp;Inc. (&lsquo;Century&rsquo;, NASDAQ: IPSC), a biotechnology company developing induced pluripotent stem cel",2836,"Biological Products, (No Diagnostic Substances)",,,,GUIDED (company statement),,,,,,"Century Therapeutics, Inc.",
ORKA,2027-01-31,CTGOV,medium,,,,,,,,,,,,2027-01-31,ESTIMATED,180,UPCOMING (<=6mo),ACTIVE_NOT_RECRUITING,PHASE1,24,ESTIMATED,NCT06944379,"Oruka Therapeutics, Inc.",ORKA-002-211 A Phase I Study to Evaluate ORKA-002 in Healthy Volunteer
PCVX,2027-01-31,CTGOV,medium,,,,,,,,,,,,2027-01-31,ESTIMATED,180,UPCOMING (<=6mo),ACTIVE_NOT_RECRUITING,PHASE3,4049,ACTUAL,NCT07284654,"Vaxcyte, Inc.","Safety, Tolerability, and Immunogenicity of VAX-31 in Adults ≥50 Years"
PRAX,2027-01-31,CTGOV,medium,,,,,,,,,,,,2027-01-31,ESTIMATED,180,UPCOMING (<=6mo),ACTIVE_NOT_RECRUITING,PHASE3,300,ESTIMATED,NCT07505004,"Praxis Precision Medicines, Inc.",Randomized Clinical Trial Evaluating the Efficacy and Safety of Vormat
ABCL,2027-02-28,CTGOV,medium,,,,,,,,,,,,2027-02-28,ESTIMATED,208,SCHEDULED (>6mo),ACTIVE_NOT_RECRUITING,"PHASE1,PHASE2",136,ESTIMATED,NCT07118891,AbCellera Biologics Inc.,Study Evaluating ABCL635 for Vasomotor Symptoms of Menopause
COGT,2027-03-31,CTGOV,medium,,,,,,,,,,,,2027-03-31,ESTIMATED,239,SCHEDULED (>6mo),ACTIVE_NOT_RECRUITING,"PHASE1,PHASE2",110,ESTIMATED,NCT06777316,"Cogent Biosciences, Inc.",A Study of an FGFR2/3 Inhibitor (CGT4859) in Patients With Cholangioca
OCGN,2027-03-31,BOTH,high,OCU400,code,2027-03-31,quarter,EX-99.1,2026-07-13,0001104659-26-082897,https://www.sec.gov/Archives/edgar/data/0001372299/000110465926082897/tm2620295d1_ex99-1.htm,"definitive agreement between the parties is executed, which is expected to occur within the next 90 days. Ocugen continues to advance OCU400 through its Phase 3 liMeliGhT clinical development with a topline readout expected in 1Q 2027 and BLA submission to follow. &nbsp; About Ocugen, Inc . Ocugen, Inc. is a pioneering biotechnology leader in gene therapies for blindness diseases. Our breakthrough",2836,"Biological Products, (No Diagnostic Substances)",2026-09-28,ESTIMATED,55,SOON (<=60d),ACTIVE_NOT_RECRUITING,"PHASE2,PHASE3",51,ESTIMATED,NCT05956626,"Ocugen, Inc.",A Phase 2/3 Trial to Assess the Efficacy and Safety of OCU410ST for St
PMN,2027-03-31,BOTH,high,PMN310,code,2027-03-31,quarter,EX-99.1,2026-07-28,0001104659-26-087269,https://www.sec.gov/Archives/edgar/data/0001374339/000110465926087269/pmn-20260728xex99d1.htm,"is designed to selectively bind toxic amyloid-beta oligomers while avoiding plaque, a mechanism intended to decouple potential efficacy from ARIA risk. &#8226; Clear path forward: Unblinded 12-month topline data expected Q1 2027, including efficacy data. 1 &#8220;These interim data reinforce our central thesis: by selectively targeting toxic oligomers, PMN310 has the potential to deliver the benef",2834,Pharmaceutical Preparations,2026-12-31,ESTIMATED,149,UPCOMING (<=6mo),ACTIVE_NOT_RECRUITING,PHASE1,144,ACTUAL,NCT06750432,ProMIS Neurosciences Inc.,PMN310 in Patients With Early Alzheimer's Disease (PRECISE-AD)
QNCX,2027-03-31,EDGAR,medium,LAM-001,code,2027-03-31,quarter,EX-99.4,2026-07-30,0001193125-26-324786,https://www.sec.gov/Archives/edgar/data/0001662774/000119312526324786/d163930dex994.htm,"olled with preliminary data projected to become available in the first quarter of 2027. We expect to initiate a Phase 2 trial to evaluate the use of LAM-001 as a treatment for SAPH in late 2026, with data expected in the fourth quarter of 2028. LAM-001 has been granted Orphan Drug Designation in the United States for BOS, sarcoidosis, pulmonary arterial hypertension and lymphangioleiomyomatosis. L",2836,"Biological Products, (No Diagnostic Substances)",,,,GUIDED (company statement),,,,,,"Quince Therapeutics, Inc.",
NBTX,2027-04-30,CTGOV,medium,,,,,,,,,,,,2027-04-30,ESTIMATED,269,SCHEDULED (>6mo),ACTIVE_NOT_RECRUITING,PHASE1,145,ESTIMATED,NCT03589339,Nanobiotix S.A.,NBTXR3 Activated by Radiotherapy for Patients With Advanced Cancers Tr
VTVT,2027-04-30,CTGOV,medium,,,,,,,,,,,,2027-04-30,ESTIMATED,269,SCHEDULED (>6mo),ACTIVE_NOT_RECRUITING,PHASE3,150,ESTIMATED,NCT06334133,vTv Therapeutics Inc.,Cadisegliatin as Adjunctive Therapy to Insulin in Participants With Ty
NVS,2027-05-17,CTGOV,medium,,,,,,,,,,,,2027-05-17,ESTIMATED,286,SCHEDULED (>6mo),ACTIVE_NOT_RECRUITING,PHASE3,588,ACTUAL,NCT06799000,NOVARTIS AG,A Phase 3 Study to Assess Efficacy Safety and Tolerability of Remibrut
VYGR,2027-05-31,CTGOV,medium,,,,,,,,,,,,2027-05-31,ESTIMATED,300,SCHEDULED (>6mo),ACTIVE_NOT_RECRUITING,"PHASE1,PHASE2",52,ESTIMATED,NCT06874621,"Voyager Therapeutics, Inc.","VY7523-102: Randomized, Placebo-Controlled, Double-Blind, Multiple Asc"
BLTE,2027-06-30,CTGOV,medium,,,,,,,,,,,,2027-06-30,ESTIMATED,330,SCHEDULED (>6mo),ACTIVE_NOT_RECRUITING,PHASE3,429,ESTIMATED,NCT05949593,"BELITE BIO, INC","Phase 3, Randomized, Placebo-Controlled Study of Tinlarebant to Explor"
HUMA,2027-06-30,CTGOV,medium,,,,,,,,,,,,2027-06-30,ESTIMATED,330,SCHEDULED (>6mo),ACTIVE_NOT_RECRUITING,PHASE3,121,ACTUAL,NCT05908084,"Humacyte, Inc.",To Compare the Efficacy and Safety of the ATEV With AVF in Female Pati
IMMP,2027-06-30,CTGOV,medium,,,,,,,,,,,,2027-06-30,ESTIMATED,330,SCHEDULED (>6mo),ACTIVE_NOT_RECRUITING,PHASE3,756,ESTIMATED,NCT06726265,IMMUTEP Ltd,Study of Eftilagimod Alfa (Efti) in Combination With Pembrolizumab and
KYMR,2027-06-30,CTGOV,medium,,,,,,,,,,,,2027-06-30,ESTIMATED,330,SCHEDULED (>6mo),ACTIVE_NOT_RECRUITING,PHASE2,200,ESTIMATED,NCT07217015,"Kymera Therapeutics, Inc.",A Study of KT-621 Administered Orally to Participants With Moderate to
VKTX,2027-07-01,CTGOV,medium,,,,,,,,,,,,2027-07-01,ESTIMATED,331,SCHEDULED (>6mo),ACTIVE_NOT_RECRUITING,PHASE3,4500,ESTIMATED,NCT07104500,"Viking Therapeutics, Inc.",VK2735 for Weight Management Phase 3
IONS,2027-12-31,BOTH,high,ION775,code,2027-12-31,half,EX-99.1,2026-07-29,0001140361-26-029960,https://www.sec.gov/Archives/edgar/data/0000874015/000114036126029960/ef20078953_ex99-1.htm,"ith Recordati to develop and commercialize zilganersen outside the U.S. &#160; &#8226; Obudanersen, a potential treatment for Angelman syndrome, completed enrollment in the Phase 3 REVEAL study, with data anticipated in the second half of 2027 &#160; &#8226; ION775, a potential treatment for sHTG, entered a Phase 2 study in people with sHTG and moderately elevated triglycerides (HTG) based on Phas",2834,Pharmaceutical Preparations,2027-06-30,ESTIMATED,330,SCHEDULED (>6mo),ACTIVE_NOT_RECRUITING,PHASE3,24,ACTUAL,NCT05185843,IONIS PHARMACEUTICALS INC,A Study of Olezarsen (Formerly Known as AKCEA-APOCIII-LRX) Administere
MOLN,2027-12-31,BOTH,high,MP0712,code,2027-12-31,year,EX-99.1,2026-07-07,0001171843-26-004488,https://www.sec.gov/Archives/edgar/data/0001745114/000117184326004488/exh_991.htm,"trial of MP0712,&#160; 212 Pb-based DLL3-targeted Radio-DARPin co-developed with Orano Med: Dosing ongoing in first patients; initial data anticipated within the coming months, comprehensive efficacy data expected in 2027 Additional compassionate care work now initiated by the Nuclear Medicine Research Institute in South Africa utilizing&#160; 225 Ac-loaded DLL3 Radio-DARPin, highlighting the vers",2836,"Biological Products, (No Diagnostic Substances)",2026-05-29,ACTUAL,-67,DATA PENDING (lock passed),ACTIVE_NOT_RECRUITING,"PHASE1,PHASE2",249,ESTIMATED,NCT05673057,MOLECULAR PARTNERS AG,Study of MP0533 in Patients Acute Myeloid Leukemia or Myelodysplastic 
KLRS,2027-12-31,EDGAR,medium,TH103,code,2027-12-31,quarter,EX-99.2,2026-07-17,0001193125-26-306737,https://www.sec.gov/Archives/edgar/data/0001754068/000119312526306737/d125006dex992.htm,"g up to 5.0mg Cash runway expected to fund company into Q4 2027 TH103 Clinical Development Program &amp; Anticipated Milestones &#160; Enrollment continues in Phase 1b/2 MAD study &#8211; preliminary data expected in 1H 2027 Pending the results from the Phase 1b/2 trial, potential Phase 3 trial initiation in nAMD planned by year-end 2027&#160; Product Candidate Indication Discovery IND Enabling Ph",2836,"Biological Products, (No Diagnostic Substances)",,,,GUIDED (company statement),,,,,,"Kalaris Therapeutics, Inc.",
OCUL,2028-03-31,BOTH,high,HELIOS-3,code,2028-03-31,quarter,10-Q,2026-08-03,0001104659-26-089450,https://www.sec.gov/Archives/edgar/data/0001393434/000110465926089450/ocul-20260630x10q.htm,"or our products and product candidates will increase for the remainder of 2026 and beyond as we prepare for the planned NDA submission for AXPAXLI for wet AMD, progress the SOL-R trial toward topline data expected in the first quarter of 2028, enroll additional patients in the SOL-X and HELIOS-3 trials, and perform increased registration-enabling manufacturing scale-up activities for AXPAXLI. We e",2834,Pharmaceutical Preparations,2026-04-29,ESTIMATED,-97,DATA PENDING (lock passed),ACTIVE_NOT_RECRUITING,PHASE3,344,ACTUAL,NCT06223958,"OCULAR THERAPEUTIX, INC",Study to Evaluate the Efficacy and Safety of Intravitreal OTX-TKI (Ocu
TCRX,2028-06-30,BOTH,high,ALLOHA-2,code,2028-06-30,half,EX-99.2,2026-06-22,0001193125-26-276693,https://www.sec.gov/Archives/edgar/data/0001783328/000119312526276693/d103234dex992.htm,"MUD, mismatched unrelated donor; HCT, hematopoietic cell transplant; PTCy, post-transplant cyclophosphamide Continuous data read-outs over the next two years provides clinical de-risking ALLOHA-2 Ph3 topline readout Cohort C early data Update on Cohort C data TSC-102 Ph1 trial initiation Update on Cohort C data 1-year data from TSC-102 ALLOHA-2 Phase 3 trial will take ~2 years, with a topline read",2836,"Biological Products, (No Diagnostic Substances)",2026-12-30,ESTIMATED,148,UPCOMING (<=6mo),ACTIVE_NOT_RECRUITING,PHASE1,840,ESTIMATED,NCT05973487,"TScan Therapeutics, Inc.",A Basket Study of Customized Autologous TCR-T Cell Therapies in Patien
