ticker,cik,company,conference,conf_start,drug,pres_type,edition_year,confidence,form,filing_url,accession,filed,matched_sentence,retrieved_at
IONS,874015,IONIS PHARMACEUTICALS INC,ESC,2026-08-28,,presentation,,,,https://www.sec.gov/Archives/edgar/data/874015/000114036126028092/ef20077664_8k.htm,0001140361-26-028092,2026-07-09,"&#160; Ionis and AstraZeneca will continue to analyze the full data set, and results will be shared with the scientific community at the European Society of Cardiology Congress in August 2026.",2026-08-04T14:44:46Z
,1936258,NewAmsterdam Pharma Co N.V.,ESC,2026-08-28,obicetrapib,presentation,,,,https://www.sec.gov/Archives/edgar/data/1936258/000119312526008300/nams-ex99_1.htm,0001193125-26-008300,2026-01-09,"&#x2022; In August 2025, NewAmsterdam presented pooled efficacy and safety data from its pivotal Phase 3 BROADWAY and BROOKLYN trials at the European Society of Cardiology Congress (&#x201c;ESC&#x201d;) 2025, along with the simultaneous publication in the Journal of the American College of Cardiology, highlighting obicetrapib&#x2019;s performance across diverse lipid-lowering backgrounds observed ",2026-08-04T14:44:46Z
CYTK,1061983,CYTOKINETICS INC,ESC,2026-08-28,,presentation,,,,https://www.sec.gov/Archives/edgar/data/1061983/000119312526206364/cytk-20260331.htm,0001193125-26-206364,2026-05-05,"In May 2025, the company announced positive topline results from MAPLE-HCM and in August 2025 the company presented the primary results of MAPLE-HCM at the European Society of Cardiology Congress 2025.",2026-08-04T14:44:47Z
,14272,BRISTOL MYERS SQUIBB CO,ESC,2026-08-28,,presentation,,,,https://www.sec.gov/Archives/edgar/data/14272/000001427226000004/bmy-20251231.htm,0000014272-26-000004,2026-02-11,"Our marketing and sales of prescription pharmaceuticals is limited to the approved uses of the particular product, but we continue to develop scientific data and other information about potential additional uses of our products and provide such information as scientific exchange at scientific congresses or we share information about our products in other appropriate ways, including the development",2026-08-04T14:44:48Z
ESPR,1434868,"Esperion Therapeutics, Inc.",ESC,2026-08-28,,presentation,,,,https://www.sec.gov/Archives/edgar/data/1434868/000162828026016522/espr-20251231.htm,0001628280-26-016522,2026-03-10,"On August 26, 2023, a prespecified analysis of the total number of cardiovascular events in the CLEAR Outcomes trial population was presented at the European Society of Cardiology, or ESC, and subsequently published in JAMA Cardiology .",2026-08-04T14:44:49Z
CNTB,1835268,Connect Biopharma Holdings Ltd,ERS,2026-09-05,,presentation,,,,https://www.sec.gov/Archives/edgar/data/1835268/000183526826000013/cntb-20251231.htm,0001835268-26-000013,2026-03-31,"During the third quarter of 2025, we presented data supporting the development of rademikibart at the European Respiratory Society Congress 2025.",2026-08-04T14:44:51Z
BNTX,1776985,BioNTech SE,WCLC,2026-09-12,,presentation,,,,https://www.sec.gov/Archives/edgar/data/1776985/000177698526000055/bntxq22026ex991quarterlyre.htm,0001776985-26-000055,2026-08-04,"&#8211; Data from this trial are expected to be presented at the IASLC 2026 World Conference on Lung Cancer, or WCLC 2026, in Seoul, South Korea.",2026-08-04T14:44:54Z
AMRN,897448,AMARIN CORP PLC\UK,EASD,2026-09-28,,oral/late-breaker,,,,https://www.sec.gov/Archives/edgar/data/897448/000119312526085818/amrn-20251231.htm,0001193125-26-085818,2026-03-02,"&#8226; In September 2025, at the European Association for the Study of Diabetes Congress in Vienna, Austria, we along with our global collaborators supported an oral presentation analyzing the efficacy of IPE across the spectrum of baseline triglyceride to glucose index.",2026-08-04T14:44:56Z
SKYE,1516551,"Skye Bioscience, Inc.",EASD,2026-09-28,,presentation,,,,https://www.sec.gov/Archives/edgar/data/1516551/000162828026016394/skye-20251231.htm,0001628280-26-016394,2026-03-10,"Full study data was presented at the European Association for the Study of Diabetes (""EASD"") Annual Meeting in September 2025.",2026-08-04T14:44:57Z
IBIO,1420720,"iBio, Inc.",EASD,2026-09-28,,presentation,,,,https://www.sec.gov/Archives/edgar/data/1420720/000142072026000010/ibio-20260701xex99d1.htm,0001420720-26-000010,2026-07-01,"We believe Activin E blockade represents an important opportunity for iBio as the obesity market continues to evolve toward more durable and body-composition-focused therapies.&#8221; The full data will be highlighted in a presentation at the 2026 EASD Annual Meeting, taking place September 28 &#8211; October 2 in Milan.",2026-08-04T14:44:57Z
CALC,1534133,"CalciMedica, Inc.",ACG,2026-10-09,,oral/late-breaker,,,,https://www.sec.gov/Archives/edgar/data/1534133/000119312526088147/ck0001534133-20251231.htm,0001193125-26-088147,2026-03-03,"In October 2024, we presented late-breaking and previously announced data from CARPO during a plenary session at the American College of Gastroenterology annual meeting.",2026-08-04T14:44:59Z
,1372514,KIORA PHARMACEUTICALS INC,AAO,2026-10-09,,presentation,,,,https://www.sec.gov/Archives/edgar/data/1372514/000137251426000047/kprx-20260331.htm,0001372514-26-000047,2026-05-08,Topline data from this trial was presented at the American Academy of Ophthalmology annual meeting in November 2023.,2026-08-04T14:45:02Z
ASND,1612042,Ascendis Pharma A/S,ASBMR,2026-10-09,,presentation,,,,https://www.sec.gov/Archives/edgar/data/1612042/000161204226000005/asnd-20260331.htm,0001612042-26-000005,2026-05-07,"In September 2025, we announced new analyses from the pivotal ApproaCH Trial were presented at the American Society for Bone and Mineral Research (ASBMR) Annual Meeting.",2026-08-04T14:45:07Z
,1638097,Entera Bio Ltd.,ASBMR,2026-10-09,EB613,presentation,,,,https://www.sec.gov/Archives/edgar/data/1638097/000117891326001797/zk2634461.htm,0001178913-26-001797,2026-03-27,"&#160; In September and April 2025, the effects of EB613 on trabecular and cortical bone indices based on a 3D-Shaper DXA post-hoc analysis of Phase 2 results were presented at the American Society for Bone and Mineral Research (&#8220;ASBMR&#8221;) 2025 Annual Meeting and at the 2025 World Congress on Osteoporosis (WCO-IOF-ESCEO), respectively.",2026-08-04T14:45:08Z
,1818382,"Humacyte, Inc.",ASN,2026-10-21,,presentation,,,,https://www.sec.gov/Archives/edgar/data/1818382/000181838226000004/huma-20251231.htm,0001818382-26-000004,2026-03-27,"Topline results were reported in August 2024 and expanded results, including subgroup analyses, were presented at the American Society of Nephrology&#8217;s (&#8220;ASN&#8221;) Kidney Week 2024, the premier nephrology meeting, in October 2024.",2026-08-04T14:45:13Z
PROK,1850270,PROKIDNEY CORP.,ASN,2026-10-21,REGEN-007,oral/late-breaker,,,,https://www.sec.gov/Archives/edgar/data/1850270/000119312526113893/prok-ex99_1.htm,0001193125-26-113893,2026-03-18,"&#x2022; Presented positive results from the Phase 2 REGEN-007 study of rilparencel in patients with advanced CKD and diabetes as a late-breaking clinical trial at the American Society of Nephrology (ASN) Kidney Week in November 2025, followed by a peer-reviewed publication in the Clinical Journal of the American Society of Nephrology (CJASN).",2026-08-04T14:45:13Z
VERA,1831828,"Vera Therapeutics, Inc.",ASN,2026-10-21,MAU868,presentation,,,,https://www.sec.gov/Archives/edgar/data/1831828/000119312526077442/vera-20251231.htm,0001193125-26-077442,2026-02-26,Final results from the Phase 2 clinical trial of MAU868 versus placebo were presented at ASN Kidney Week 2022 and showed that MAU868 was well tolerated and it demonstrated clinically meaningful reductions in BK antiviral activity through 36 weeks in kidney transplant patients with BK viremia.,2026-08-04T14:45:14Z
AGEN,1098972,AGENUS INC,ESMO,2026-10-23,,presentation,,,,https://www.sec.gov/Archives/edgar/data/1098972/000119312526217082/agen-20260331.htm,0001193125-26-217082,2026-05-11,"In long-term follow-up data from the Phase 1b study (n=123) presented at the European Society for Medical Oncology Gastrointestinal Cancers Congress in July 2025, BOT plus BAL showed approximately 42% two-year overall survival and median overall survival of approximately 21 months in this population.",2026-08-04T14:45:20Z
OBX,2130606,"Obsidian Therapeutics, Inc.",ESMO,2026-10-23,,presentation,,,,https://www.sec.gov/Archives/edgar/data/2130606/000119312526330810/d309963dex992.htm,0001193125-26-330810,2026-08-03,Results from the M14TIL clinical trial were presented at the European Society for Medical Oncology Congress in September 2022.,2026-08-04T14:45:20Z
NUVL,1861560,"Nuvalent, Inc.",ESMO,2026-10-23,ALKOVE-1,presentation,,,,https://www.sec.gov/Archives/edgar/data/1861560/000119312526073317/nuvl-20251231.htm,0001193125-26-073317,2026-02-26,"At the European Society for Medical Oncology Congress (ESMO) in October 2025, we presented preliminary data for neladalkib in patients with advanced ALK-positive solid tumors outside of NSCLC from the ongoing ALKOVE-1 clinical trial.",2026-08-04T14:45:21Z
CATX,728387,"Perspective Therapeutics, Inc.",ESMO,2026-10-23,,presentation,,,,https://www.sec.gov/Archives/edgar/data/728387/000072838726000004/catx-20251231.htm,0000728387-26-000004,2026-03-16,"13 Table of Contents &#160; &#160; In October 2025 at ESMO, we reported interim efficacy data for two patients in Cohort 1 and 23 patients in Cohort 2.",2026-08-04T14:45:23Z
AZN,901832,ASTRAZENECA PLC,ESMO,2026-10-23,,presentation,,,,https://www.sec.gov/Archives/edgar/data/901832/000110465926019130/azn-20251231xex15d1.htm,0001104659-26-019130,2026-02-24,We also had back-to-back presidential presentations for the DESTINY-Breast05 and DESTINY-Breast11 Phase III trials at the European Society for Medical Oncology Congress that demonstrated the transformative potential of Enhertu in early HER2-positive breast cancer &#x2013; a setting where there is a greater opportunity for cure.,2026-08-04T14:45:24Z
MOLN,1745114,MOLECULAR PARTNERS AG,ESMO,2026-10-23,MP0317,poster,,,,https://www.sec.gov/Archives/edgar/data/1745114/000117184326004758/exh_991.htm,0001171843-26-004758,2026-07-20," EX-99.1 2 exh_991.htm PRESS RELEASE EdgarFiling EXHIBIT 99.1 Molecular Partners Announces Clinical Progress in Phase 2 TACTIC Combination Trial of MP0317 for Patients with Cholangiocarcinoma Randomized Phase 2 study in front-line setting progressing well, with nine sites actively recruiting and patient treatment ongoing Data update expected in 2027, with trial completion in 2028 Trial-in-progress",2026-08-04T14:45:26Z
,1893219,"Abpro Holdings, Inc.",SITC,2026-11-04,ABP-102,presentation,,,,https://www.sec.gov/Archives/edgar/data/1893219/000121390025121446/ea026961301ex99-1_abpro.htm,0001213900-25-121446,2025-12-15,"recently presented compelling preclinical results for ABP-102/CT-P72 at the American Association for Cancer Research (AACR) 2025 Annual Meeting and at the Society for Immunotherapy of Cancer (SITC) 40 th &nbsp;Anniversary Annual Meeting, highlighting selective activity in HER2-high tumor models and lower activity on cells with normal-tissue&ndash;level HER2 expression in preclinical studies.",2026-08-04T14:45:36Z
CRBP,1595097,"Corbus Pharmaceuticals Holdings, Inc.",SITC,2026-11-04,,presentation,,,,https://www.sec.gov/Archives/edgar/data/1595097/000119312526097582/crbp-ex99_1.htm,0001193125-26-097582,2026-03-09,o Preliminary monotherapy data were presented in November 2025 at the Society for Immunotherapy of Cancer (SITC) 2025.,2026-08-04T14:45:36Z
IMNN,749647,"Imunon, Inc.",SITC,2026-11-04,IMNN-001,presentation,,,,https://www.sec.gov/Archives/edgar/data/749647/000149315226013816/ex99-1.htm,0001493152-26-013816,2026-03-31,"&nbsp; Translational Data from Phase 2 OVATION 2 Study of IMNN-001 at SITC 40th Annual Meeting &ndash; On November 7, 2025, the Company presented translational data from the Phase 2 OVATION 2 clinical trial of IMNN-00 1 at the Society for Immunotherapy of Cancer (SITC) 40th Annual Meeting, held on November 5-9, 2025, in National Harbor , Maryland .",2026-08-04T14:45:36Z
ALXO,1810182,ALX ONCOLOGY HOLDINGS INC,SITC,2026-11-04,,poster,,,,https://www.sec.gov/Archives/edgar/data/1810182/000119312526079342/alxo-ex99_1.htm,0001193125-26-079342,2026-02-27,These data were highlighted as part of a poster presentation at the Society for Immunotherapy of Cancer (SITC) Annual Meeting in November 2025.,2026-08-04T14:45:37Z
FATE,1434316,FATE THERAPEUTICS INC,SITC,2026-11-04,FT836,presentation,,,,https://www.sec.gov/Archives/edgar/data/1434316/000119312526073689/fate-ex99_1.htm,0001193125-26-073689,2026-02-26,"At the Society for Immunotherapy of Cancer (SITC) 40th Annual meeting held in November 2025, the Company presented preclinical data showing &#160; FT836 exhibited potent and durable CAR-dependent antigen-driven proliferation with robust activity across diverse solid tumors and that FT836 can be combined with standard of care chemotherapy to induce MICA/B surface expression for enhanced target reco",2026-08-04T14:45:37Z
ARVN,1655759,"ARVINAS, INC.",SITC,2026-11-04,ARV-6723,presentation,,,,https://www.sec.gov/Archives/edgar/data/1655759/000162828026010865/q42025earningsrelease.htm,0001628280-26-010865,2026-02-24,"ARV-6723&#58; Oral PROTAC HPK1 degrader &#8226; Presented preclinical data at the Society for Immunotherapy of Cancer (SITC) Annual Meeting that support the potential of ARV-6723 to provide sustained anti-tumor immune response as a single agent or in combination with standards of care with improved clinical benefits&#58; &#9702; ARV-6723, as a single agent, demonstrates anti-tumor efficacy superio",2026-08-04T14:45:38Z
INKT,1840229,"MiNK Therapeutics, Inc.",SITC,2026-11-04,,presentation,,,,https://www.sec.gov/Archives/edgar/data/1840229/000119312525311229/inkt-ex99_2.htm,0001193125-25-311229,2025-12-08,"Over the course of this year, we've not only strengthened our science but also elevated our global visibility, presenting major new findings at ASCO GI, AACR IO, the inaugural meeting and most recently, last week at the Society for Immunotherapy of Cancer, the SITC annual meeting.",2026-08-04T14:45:38Z
BOLT,1641281,"Bolt Biotherapeutics, Inc.",SITC,2026-11-04,,presentation,,,,https://www.sec.gov/Archives/edgar/data/1641281/000119312526219382/bolt-20260331.htm,0001193125-26-219382,2026-05-12,"Data on our claudin 18.2 Boltbody ISAC program was presented at the Society for Immunotherapy of Cancer&#8217;s (SITC) Annual Meetings in November of 2025, 2024 and 2023.",2026-08-04T14:45:39Z
VRCA,1660334,Verrica Pharmaceuticals Inc.,SITC,2026-11-04,VP-315,presentation,,,,https://www.sec.gov/Archives/edgar/data/1660334/000166033426000014/vrca-20260331.htm,0001660334-26-000014,2026-05-12,"In November 2025, we presented additional data at the Society for Immunotherapy of Cancer 40th Annual Meeting, which showed that VP-315 induced a robust local immune response with both cell-mediated and humoral components, effectively shifting the tumor microenvironment from an immunosuppressive to an anti-tumor state, and additional data regarding the histologic assessment in non-injected lesions",2026-08-04T14:45:41Z
,1610820,BriaCell Therapeutics Corp.,SITC,2026-11-04,,poster,,,,https://www.sec.gov/Archives/edgar/data/1610820/000149315226002258/form424b4.htm,0001493152-26-002258,2026-01-14,"On October 3, 2025, we announced plans to present preclinical data on Bria-OTS+ at the Society for Immunotherapy of Cancer (SITC) 2025 Annual Meeting, followed on November 4, 2025 by a release describing a SITC poster to showcase anti-tumor activity of Bria-OTS+ in breast and prostate cancer models, and the ongoing GMP manufacturing of lead candidates Bria-BRES+ and Bria-PROS+ in preparation for c",2026-08-04T14:45:42Z
REPL,1737953,"Replimune Group, Inc.",SITC,2026-11-04,,presentation,,,,https://www.sec.gov/Archives/edgar/data/1737953/000162828026004805/repl-20251231.htm,0001628280-26-004805,2026-02-03,"In November 2023 we presented initial data from the ARTACUS trial of RP1 monotherapy in solid organ transplant recipients with skin cancers at the Society for Immunotherapy of Cancer&#8217;s, or SITC, 38th Annual Meeting.",2026-08-04T14:45:45Z
XLO,1840233,"Xilio Therapeutics, Inc.",SITC,2026-11-04,,presentation,,,,https://www.sec.gov/Archives/edgar/data/1840233/000119312526118550/xlo-20251231.htm,0001193125-26-118550,2026-03-23,"Phase 1 Data Presented in November 2025 for Efarindodekin Alfa In November 2025, we announced data from our Phase 1 clinical trial evaluating efarindodekin alfa as a monotherapy in patients with advanced solid tumors at the Society for Immunotherapy of Cancer 40 th Annual Meeting.",2026-08-04T14:45:46Z
HOWL,1785530,"Werewolf Therapeutics, Inc.",SITC,2026-11-04,WTX-330,presentation,,,,https://www.sec.gov/Archives/edgar/data/1785530/000178553026000006/howl-20251231.htm,0001785530-26-000006,2026-03-27,"We reported initial data from the Phase 1 clinical trial in June 2024 and presented updated interim safety and efficacy data from the Phase 1 clinical trial at the Society for Immunotherapy of Cancer Annual Meeting in November 2024, highlighting the tolerability profile and monotherapy efficacy signals of WTX-330.",2026-08-04T14:45:47Z
TOVX,894158,"Theriva Biologics, Inc.",SITC,2026-11-04,VCN-01,presentation,,,,https://www.sec.gov/Archives/edgar/data/894158/000110465926026767/tmb-20251231x10k.htm,0001104659-26-026767,2026-03-12,"On June 22, 2023, at their Cellicon Valley conference, and again at the Society for Immunotherapy of Cancer (SITC) meeting in San Diego, CA on November 3, 2023, and the International Oncolytic Virotherapy Conference (IOVC2023) in Calgary on November 13 2023, University of Pennsylvania investigators presented preliminary clinical safety and pharmacokinetic data from this study highlighting the feas",2026-08-04T14:45:49Z
MRNA,1682852,"Moderna, Inc.",SITC,2026-11-04,,presentation,,,,https://www.sec.gov/Archives/edgar/data/1682852/000168285226000033/mrna-20251231.htm,0001682852-26-000033,2026-02-20,"Additional translational analyses presented at the Society for Immunotherapy of Cancer (SITC) 2025 Annual Meeting further demonstrated that the magnitude of immune activation, including T-cell clonal expansion, correlated with clinical outcomes and was accompanied by early and substantial reductions in circulating tumor DNA.",2026-08-04T14:45:51Z
IMRX,1790340,Immuneering Corp,SITC,2026-11-04,envometinib,poster,,,,https://www.sec.gov/Archives/edgar/data/1790340/000179034026000042/imrx-20251231.htm,0001790340-26-000042,2026-03-06,"Preclinical Studies: Overview of Envometinib In November 2022, in a scientific poster presented at the Society for Immunotherapy of Cancer Annual Meeting, we presented preclinical data demonstrating that envometinib inhibited the growth of RAF and RAS mutant tumors as a monotherapy across multiple human and murine solid tumor models and could be administered in combination with select immune modul",2026-08-04T14:45:51Z
ELTX,1601485,"Elicio Therapeutics, Inc.",SITC,2026-11-04,ELI-002,presentation,,,,https://www.sec.gov/Archives/edgar/data/1601485/000160148526000027/angn-20251231.htm,0001601485-26-000027,2026-03-12,"Diverse HLA Representation Present in ELI-002 7P Treated Patients in AMPLIFY-7P Phase 2 Number of Unique HLA Types HLA Class I HLA-A 116 HLA-B 158 HLA-C 118 HLA-Class II HLA-DR 292 HLA-DP 180 HLA-DQ 268 Total Unique HLA Types 1132 Total HLA Types 1398 In November 2025, we presented additional data on T cell responses and HLA backgrounds from the ongoing Phase 2 AMPLIFY-7P trial at Society for Immu",2026-08-04T14:45:54Z
ABUS,1447028,Arbutus Biopharma Corp,AASLD,2026-11-05,imdusiran,presentation,,,,https://www.sec.gov/Archives/edgar/data/1447028/000144702826000021/abus-20260331.htm,0001447028-26-000021,2026-05-13,"At the American Association for the Study of Liver Diseases (AASLD) &#8211; The Liver Meeting &#174; in November 2024, we presented data from our IM-PROVE I Phase 2a clinical trial showing that six doses of imdusiran and 24 weeks of IFN added to ongoing NA therapy led to a functional cure rate of 50% (3/6) in hepatitis B e antigen (HBeAg) negative patients with baseline HBsAg levels less than 1000",2026-08-04T14:45:58Z
MTVA,1638287,MetaVia Inc.,AASLD,2026-11-05,DA-1726,presentation,,,,https://www.sec.gov/Archives/edgar/data/1638287/000110465926034907/mtva-20260326xex99d1.htm,0001104659-26-034907,2026-03-26,"Kim continued, &#8220;Beyond DA-1726, we continued to advance vanoglipel (DA-1241), a novel G-Protein-Coupled Receptor 119 (GPR119) agonist, with the presentation of positive Phase 2a data at the American Association for the Study of Liver Diseases (AASLD) The Liver Meeting&#174; 2025, highlighting clinically meaningful improvements in glucose control, liver health and plasma lipidomic profiles ov",2026-08-04T14:45:58Z
VIR,1706431,"Vir Biotechnology, Inc.",AASLD,2026-11-05,,presentation,,,,https://www.sec.gov/Archives/edgar/data/1706431/000162828026010749/vir-20251231.htm,0001628280-26-010749,2026-02-23,"48-week data from the ongoing clinical trial was presented in an oral session at the American Association for the Study of Liver Diseases (AASLD) The Liver Meeting &#174; , in Washington, D.C., in November 2025 and simultaneously published in the New England Journal of Medicine .",2026-08-04T14:46:00Z
,1756594,Inventiva S.A.,AASLD,2026-11-05,empagliflozin,oral/late-breaker,,,,https://www.sec.gov/Archives/edgar/data/1756594/000110465926040704/iva-20251231x20f.htm,0001104659-26-040704,2026-04-08,"Presentation of the data from the final analysis of the LEGEND Phase II study evaluating the combination of lanifibranor with empagliflozin in patients with MASH and T2D at the AASLD The Liver Meeting&#174; late-breaker session On November 18, 2024, the Company presented data from the LEGEND trial as a late breaker poster at the American Association for the Study of Liver Diseases (&#8216; AASLD &",2026-08-04T14:46:01Z
DTIL,1357874,PRECISION BIOSCIENCES INC,AASLD,2026-11-05,,oral/late-breaker,,,,https://www.sec.gov/Archives/edgar/data/1357874/000162828026017018/dtil-20260312ex991.htm,0001628280-26-017018,2026-03-12,"On November 10, 2025, the Company reported late-breaking Phase 1 data at AASLD The Liver Meeting&#174; 2025 from the first three ELIMINATE-B cohorts, including nine patients across 22 total doses, demonstrating safety and tolerability across repeat administrations (at doses of 0.2 mg&#47;kg, 0.4 mg&#47;kg, and 0.8 mg&#47;kg at eight week intervals) with no dose-limiting toxicities reported, and ev",2026-08-04T14:46:02Z
CRDL,1702123,Cardiol Therapeutics Inc.,AHA,2026-11-06,,presentation,,,,https://www.sec.gov/Archives/edgar/data/1702123/000127956926000670/ex991.htm,0001279569-26-000670,2026-07-14,"&quot;The publication provides comprehensive details of findings previously presented at the American Heart Association Scientific Sessions, including clinically important reductions in pain, inflammation, and recurrences with CardiolRx&trade;, a favorable safety and tolerability profile, and its potential to offer a non-immunosuppressive treatment for patients living with recurrent disease.",2026-08-04T14:46:08Z
TNYA,1858848,"Tenaya Therapeutics, Inc.",AHA,2026-11-06,,oral/late-breaker,,,,https://www.sec.gov/Archives/edgar/data/1858848/000119312525315951/d68368dex991.htm,0001193125-25-315951,2025-12-11,"These findings, as well as data from Cohort 1 patients at &#8805;52-weeks of follow-up and available data for Cohort 2 patients at 12- and 26-weeks, were recently featured in a late-breaker presentation at the American Heart Association Scientific Sessions with a simultaneous publication in Cardiovascular Research .",2026-08-04T14:46:08Z
ALNY,1178670,"ALNYLAM PHARMACEUTICALS, INC.",AHA,2026-11-06,vutrisiran,presentation,,,,https://www.sec.gov/Archives/edgar/data/1178670/000162828026007491/alny2025q4earningsrelease.htm,0001628280-26-007491,2026-02-12,&#8226; Presented new analyses from the HELIOS-B Phase 3 clinical trial of vutrisiran in patients with ATTR-CM at the American Heart Association Scientific Sessions 2025.,2026-08-04T14:46:09Z
MRK,310158,"Merck & Co., Inc.",AHA,2026-11-06,enlicitide,presentation,,,,https://www.sec.gov/Archives/edgar/data/310158/000110465926009495/tm264564d1_ex99-1.htm,0001104659-26-009495,2026-02-03,"&nbsp; - 11 - &nbsp; &middot; Cardiometabolic and Respiratory: o Presented new data at the American Heart Association Scientific Sessions 2025, including results from the Phase 3 CORALreef Lipids and heterozygous familial hypercholesterolemia (HeFH) trials, demonstrating that enlicitide decanoate, an investigational, oral proprotein convertase subtilisin/kexin type 9 (PCSK9) inhibitor being evalua",2026-08-04T14:46:09Z
AMGN,318154,AMGEN INC,AHA,2026-11-06,,presentation,,,,https://www.sec.gov/Archives/edgar/data/318154/000031815426000003/amgn-20251231earningsrelea.htm,0000318154-26-000003,2026-02-03,"Repatha &#8226; In November 2025, results from the landmark Phase 3 VESALIUS-CV clinical trial of more than 12,000 patients with atherosclerosis or diabetes without a prior heart attack or stroke AMGEN REPORTS FOURTH QUARTER AND FULL YEAR 2025 FINANCIAL RESULTS Page 12 were presented at the American Heart Association Scientific Sessions and simultaneously published in the New England Journal of Me",2026-08-04T14:46:10Z
TENX,34956,"TENAX THERAPEUTICS, INC.",AHA,2026-11-06,,presentation,,,,https://www.sec.gov/Archives/edgar/data/34956/000119312526099393/tennx-20251231.htm,0001193125-26-099393,2026-03-10,"Detailed results from HELP were presented at the Heart Failure Society of America Virtual Annual Scientific Meeting in October 2020, at the American Heart Association Scientific Sessions in November 2020, and several subsequent scientific congresses.",2026-08-04T14:46:11Z
NTLA,1652130,"Intellia Therapeutics, Inc.",AHA,2026-11-06,,presentation,,,,https://www.sec.gov/Archives/edgar/data/1652130/000119312526215740/ntla-20260331.htm,0001193125-26-215740,2026-05-11,"In November 2025, we presented positive follow-up data from the ongoing Phase 1 clinical trial of nex-z in patients with ATTR-CM at the American Heart Association Scientific Sessions.",2026-08-04T14:46:12Z
CRSP,1674416,CRISPR Therapeutics AG,AHA,2026-11-06,CTX310,oral/late-breaker,,,,https://www.sec.gov/Archives/edgar/data/1674416/000119312526048957/crsp-20251231.htm,0001193125-26-048957,2026-02-12,"In November 2025, we presented positive Phase 1 data from our ongoing clinical trial evaluating CTX310 during a late-breaking session at the American Heart Association Scientific Sessions and published simultaneously in The New England Journal of Medicine in a peer-reviewed article entitled &#8220; Phase 1 Trial of CRISPR-Cas9 Gene Editing Targeting ANGPTL3.",2026-08-04T14:46:14Z
KARD,2123613,"Kardigan, Inc.",AHA,2026-11-06,,presentation,,,,https://www.sec.gov/Archives/edgar/data/2123613/000119312526266629/d107928ds1a.htm,0001193125-26-266629,2026-06-11,"&nbsp; 167 Table of Contents Ataciguat Phase 2 study design &nbsp; Results of the Phase 2 trial, published in Circulation in February 2025 and post-hoc analyses presented at the American Heart Association Scientific Sessions in November 2025, showed improvements in measures of valvular compliance, CO and cardiac function when compared to placebo at six months, suggesting that treatment with Atacig",2026-08-04T14:46:14Z
CABA,1759138,"Cabaletta Bio, Inc.",ACR,2026-11-06,,presentation,,,,https://www.sec.gov/Archives/edgar/data/1759138/000119312526009819/caba-ex99_1.htm,0001193125-26-009819,2026-01-12,Data from the Phase 1/2 RESET-Myositis &#174; trial presented at ACR Convergence 2025 demonstrated that all DM patients with sufficient follow-up who would have met key inclusion criteria in the registrational cohort achieved the registrational primary endpoint with durability throughout the follow-up period as long as one year.,2026-08-04T14:46:21Z
GLUE,1826457,"Monte Rosa Therapeutics, Inc.",ACR,2026-11-06,MRT-6160,presentation,,,,https://www.sec.gov/Archives/edgar/data/1826457/000119312526109353/glue-ex99_1.htm,0001193125-26-109353,2026-03-17,"&#x2022; In October, Monte Rosa presented additional supportive MRT-6160 preclinical data at ACR Convergence 2025.",2026-08-04T14:46:21Z
TCRX,1783328,"TScan Therapeutics, Inc.",ACR,2026-11-06,,presentation,,,,https://www.sec.gov/Archives/edgar/data/1783328/000119312526276693/d103234dex992.htm,0001193125-26-276693,2026-06-22,"2026; (2) Weinheimer et al, and Pryor et al, presented at ACR Convergence 2025, abstracts 0888, 0997; IND: investigational new drug; AS = ankylosing spondylitis Clinical Preclinical $128.1M as of March 31, 2026 funds operations into H2 2027 Agenda Overview of Heme Program and Manufacturing Update Gavin MacBeath, Ph.D.",2026-08-04T14:46:22Z
ANAB,1370053,"ANAPTYSBIO, INC",ACR,2026-11-06,,presentation,,,,https://www.sec.gov/Archives/edgar/data/1370053/000137005326000002/anaptyscorporatepresenta.htm,0001370053-26-000002,2026-01-09,"2025 Target Product Profile (TPP); CDAI = Clinical Diseases Activity Index; LDA = Low Disease Activity; N/R = Not Reported * NRI+W18: adds to NRI analysis additional responders at Week 18 who were not in all-active treatment period 2 2 3 CDAI LDA ACR50 ACR70 23% *In H2H comparator studies, patients know they are on an active drug, resulting in upwards bias on response rates vs.",2026-08-04T14:46:22Z
KYTX,1994702,"Kyverna Therapeutics, Inc.",ACR,2026-11-06,KYV-101,presentation,,,,https://www.sec.gov/Archives/edgar/data/1994702/000121390025121773/ea0269676-424b5_kyverna.htm,0001213900-25-121773,2025-12-15,"In November 2024, we presented clinical data at ACR Convergence 2024 that demonstrated positive sustained efficacy and durability at &gt;6-month follow-up observed in patients with severe LN treated with KYV-101 at the therapeutic dose.",2026-08-04T14:46:23Z
NKTR,906709,NEKTAR THERAPEUTICS,ACAAI,2026-11-12,,oral/late-breaker,,,,https://www.sec.gov/Archives/edgar/data/906709/000121390026027026/ea028133401ex99-1.htm,0001213900-26-027026,2026-03-12,"&nbsp; &#9679; In November 2025, Nektar presented a late-breaking oral abstract titled &ldquo;Rezpegaldesleukin, Novel Treg-Inducing Therapy, Demonstrates Efficacy in Atopic Dermatitis and Asthma in Phase 2b Trial&rdquo; at the American College of Allergy, Asthma and Immunology&rsquo;s 2025 Annual Scientific Meeting (ACAAI), highlighting statistically significant improvements across key efficacy e",2026-08-04T14:46:32Z
AQST,1398733,"Aquestive Therapeutics, Inc.",ACAAI,2026-11-12,,presentation,,,,https://www.sec.gov/Archives/edgar/data/1398733/000139873326000030/aqst-20260331.htm,0001398733-26-000030,2026-05-13,"Also in October 2024, at the American College of Allergy, Asthma and Immunology 2024 Annual Meeting, we presented results from a subsequent analysis of our pivotal study data demonstrating Anaphylm's consistent PK and PD profile regardless of variable placement or intraoral movement.",2026-08-04T14:46:33Z
SPRY,1671858,"ARS Pharmaceuticals, Inc.",ACAAI,2026-11-12,,oral/late-breaker,,,,https://www.sec.gov/Archives/edgar/data/1671858/000119312526097478/spry-20251231.htm,0001193125-26-097478,2026-03-09,"The results were presented as an oral presentation at the American College of Allergy, Asthma and Immunology (&#8220;ACAAI&#8221;) meeting in early November 2025 and was also published in the Annals of Allergy, Asthma and Immunology, the official peer-reviewed journal of the ACAAI, in December 2025.",2026-08-04T14:46:33Z
ORIC,1796280,"Oric Pharmaceuticals, Inc.",ENA,2026-11-18,,presentation,,,,https://www.sec.gov/Archives/edgar/data/1796280/000119312526063974/oric-ex99_1.htm,0001193125-26-063974,2026-02-23,&#x2022; Presented preclinical data at the EORTC-NCI-AACR Symposium on Molecular Targets and Cancer Therapeutics demonstrating potential utility of rinzimetostat combined with AR inhibition in castration-sensitive prostate cancer and combined with KRAS inhibition in KRAS G12C-mutant NSCLC and colorectal cancer models.,2026-08-04T14:46:45Z
OLMA,1750284,"Olema Pharmaceuticals, Inc.",ENA,2026-11-18,OP-3136,presentation,,,,https://www.sec.gov/Archives/edgar/data/1750284/000119312526107169/olma-20251231.htm,0001193125-26-107169,2026-03-16,"In October 2024, we presented new pre-clinical data at the EORTC-NCI-AACR Symposium on Molecular Targets and Cancer Therapeutics demonstrating OP-3136's robust anti-tumor activity as a single agent, as well as potential synergy and enhanced anti-tumor activity in combination with palazestrant.",2026-08-04T14:46:46Z
KURA,1422143,"Kura Oncology, Inc.",ENA,2026-11-18,ziftomenib,presentation,,,,https://www.sec.gov/Archives/edgar/data/1422143/000119312526092567/kura-20251231.htm,0001193125-26-092567,2026-03-05,"In October 2024, we presented preclinical data at the EORTC-NCI-AACR Symposium on Molecular Targets and Cancer Therapeutics that support the development of ziftomenib for the treatment of advanced GIST.",2026-08-04T14:46:46Z
ORIC,1796280,"Oric Pharmaceuticals, Inc.",ESMO Asia,2026-12-04,enozertinib,presentation,,,,https://www.sec.gov/Archives/edgar/data/1796280/000119312526063974/oric-ex99_1.htm,0001193125-26-063974,2026-02-23,&#160; Enozertinib: a brain-penetrant inhibitor that selectively targets EGFR exon 20 and EGFR PACC mutations &#x2022; Reported potential best-in-class efficacy and safety data from a Phase 1b trial of enozertinib at the ESMO Asia Congress 2025 in NSCLC patients with EGFR exon 20 and EGFR PACC mutations.,2026-08-04T14:46:48Z
,1648257,HUTCHMED,ESMO Asia,2026-12-04,surufatinib,presentation,,,,https://www.sec.gov/Archives/edgar/data/1648257/000110465926088458/hcm-20260730xex99d1.htm,0001104659-26-088458,2026-07-30,"&#8203; 20 &#8203; &#8203; Clinical development : results from the Phase II part of a China Phase II/III study evaluating surufatinib combined with AiRuiKa &#174; , nab-paclitaxel, and gemcitabine versus nab-paclitaxel plus gemcitabine for 1L PDAC were presented at ESMO Asia Congress 2025.",2026-08-04T14:46:49Z
XENE,1582313,Xenon Pharmaceuticals Inc.,AES,2026-12-04,,presentation,,,,https://www.sec.gov/Archives/edgar/data/1582313/000119312526098764/d83218d424b5.htm,0001193125-26-098764,2026-03-09,"&nbsp; &#149; &nbsp; We presented 48-month data from the X-TOLE open label extension, or OLE, study at the American Epilepsy Society annual meeting, reinforcing the long-term efficacy and safety of azetukalner with more than 800&nbsp;patient-years of exposure data in the OLE.",2026-08-04T14:46:55Z
OLMA,1750284,"Olema Pharmaceuticals, Inc.",SABCS,2026-12-08,OPERA-02,poster,,,,https://www.sec.gov/Archives/edgar/data/1750284/000119312526107154/olma-ex99_1.htm,0001193125-26-107154,2026-03-16,&#x2022; Presented a trial-in-progress poster for the pivotal Phase 3 OPERA-02 trial evaluating palazestrant in combination with ribociclib in frontline ER+/HER2- advanced or metastatic breast cancer at the San Antonio Breast Cancer Symposium (SABCS) 2025.,2026-08-04T14:47:00Z
,1610820,BriaCell Therapeutics Corp.,SABCS,2026-12-08,,poster,,,,https://www.sec.gov/Archives/edgar/data/1610820/000149315226027928/form10-q.htm,0001493152-26-027928,2026-06-09,"&#160; Bria-IMT&#8482; &#160; On November 25, 2025, BriaCell highlighted positive Phase 2 &amp; Phase 3 clinical data at SABCS&#174; 2025 with poster presentations at the San Antonio Breast Cancer Symposium (December 10, 2025) which highlighted positive Phase 2 safety and efficacy signals and positive biomarker findings in both the Phase 2 and the pivotal Phase 3 studies.",2026-08-04T14:47:01Z
ANIX,715446,Anixa Biosciences Inc,SABCS,2026-12-08,,presentation,,,,https://www.sec.gov/Archives/edgar/data/715446/000149315226001845/form10-k.htm,0001493152-26-001845,2026-01-12,"&#160; On December 11, 2025, we presented the final data from the Phase 1 clinical trial of our investigational breast cancer vaccine at the San Antonio Breast Cancer Symposium.",2026-08-04T14:47:03Z
RLAY,1812364,"Relay Therapeutics, Inc.",SABCS,2026-12-08,,presentation,,,,https://www.sec.gov/Archives/edgar/data/1812364/000119312526076739/rlay-20251231.htm,0001193125-26-076739,2026-02-26,"We presented the December 2025 Data at the San Antonio Breast Cancer Symposium 2025, which consisted of an efficacy subset analysis.",2026-08-04T14:47:04Z
INTS,1567264,"INTENSITY THERAPEUTICS, INC.",SABCS,2026-12-08,INT230,poster,,,,https://www.sec.gov/Archives/edgar/data/1567264/000156726426000024/intensity-20251231.htm,0001567264-26-000024,2026-03-27,"In addition to the Lancet eBioMedicine paper, our clinical research has been selected for poster and oral presentations multiple times at the American Society of Clinical Oncology (&#8220;ASCO&#8221;) the Society for Immunotherapy of Cancer (&#8220;SITC&#8221;), the SABCS, and the Connective Tissue Oncology Society (&#8220;CTOS&#8221;) beginning in 2020, indicating that patients receiving INT230-6",2026-08-04T14:47:05Z
PBYI,1401667,"PUMA BIOTECHNOLOGY, INC.",SABCS,2026-12-08,,presentation,,,,https://www.sec.gov/Archives/edgar/data/1401667/000143774926005891/pbyi20251231_10k.htm,0001437749-26-005891,2026-02-26,"&#160; 6 Table of Contents &#160; In December 2021, final results from the CONTROL trial were presented at the CTRC-AACR San Antonio Breast Cancer Symposium.",2026-08-04T14:47:06Z
CRDF,1213037,"Cardiff Oncology, Inc.",ASH,2026-12-12,,presentation,,,,https://www.sec.gov/Archives/edgar/data/1213037/000119312526024375/crdf-ex99_2.htm,0001193125-26-024375,2026-01-27,Promising monotherapy clinical results from an ongoing CMML trial were recently presented at the American Society of Hematology annual meeting in December 2025.,2026-08-04T14:47:12Z
,1782999,PureTech Health plc,ASH,2026-12-12,LYT-200,presentation,,,,https://www.sec.gov/Archives/edgar/data/1782999/000119312526188811/d38199dex991.htm,0001193125-26-188811,2026-04-29,&nbsp; &#149; December 2025: Presented initial topline results from the Phase 1b clinical trial of LYT-200 in patients with R/R HR-MDS and R/R AML at the American Society of Hematology Annual Meeting.,2026-08-04T14:47:23Z
CRVS,1626971,"Corvus Pharmaceuticals, Inc.",ASH,2026-12-12,,presentation,,,,https://www.sec.gov/Archives/edgar/data/1626971/000110465926057100/crvs-20260331x10q.htm,0001104659-26-057100,2026-05-07,Final data from the Phase 1/1b clinical trial were presented at the American Society of Hematology Annual Meeting (&#8220;ASH&#8221;) in December 2025.,2026-08-04T14:47:24Z
LYEL,1806952,"Lyell Immunopharma, Inc.",ASH,2026-12-12,,presentation,,,,https://www.sec.gov/Archives/edgar/data/1806952/000162828026031284/lyel-20260331.htm,0001628280-26-031284,2026-05-06,"The accompanying unaudited condensed consolidated financial statements have been prepared on the same basis as the annual consolidated financial statements and reflect, in the opinion of management, all adjustments of a normal and recurring nature that are necessary for the fair presentation of the Company&#8217;s financial position, results of operations and cash flows for the periods presented, ",2026-08-04T14:47:24Z
,1434265,GENMAB A/S,ASH,2026-12-12,,presentation,,,,https://www.sec.gov/Archives/edgar/data/1434265/000143426526000014/gmab-20251231_d2.htm,0001434265-26-000014,2026-02-17,"The results from this cohort, along with the results from the optimization part of the trial, were presented during the American Society of Hematology Annual Meeting in December 2023.",2026-08-04T14:47:25Z
CCCC,1662579,"C4 Therapeutics, Inc.",ASH,2026-12-12,,presentation,,,,https://www.sec.gov/Archives/edgar/data/1662579/000162828026012000/cccc-20251231.htm,0001628280-26-012000,2026-02-26,"In September 2025, at the International Myeloma Society Annual Meeting and in December 2024 at the American Society of Hematology Annual Meeting, we presented data from the Phase 1 dose escalation trial evaluating cemsidomide in combination with dexamethasone.",2026-08-04T14:47:26Z
CRSP,1674416,CRISPR Therapeutics AG,ASH,2026-12-12,,presentation,,,,https://www.sec.gov/Archives/edgar/data/1674416/000119312526048957/crsp-20251231.htm,0001193125-26-048957,2026-02-12,"At the American Society of Hematology annual meeting, or ASH, in December 2025, positive data from the pivotal studies of CASGEVY in children ages 5 to 11 years old with SCD or TDT were presented.",2026-08-04T14:47:26Z
SDGR,1490978,"Schrodinger, Inc.",ASH,2026-12-12,SGR-1505,presentation,,,,https://www.sec.gov/Archives/edgar/data/1490978/000149097826000010/sdgr-20251231.htm,0001490978-26-000010,2026-02-25,"19 Table of Contents In December 2025, we reported additional clinical data from our ongoing Phase 1 clinical trial of SGR-1505 at the American Society of Hematology Annual Meeting.",2026-08-04T14:47:27Z
CLLS,1627281,Cellectis S.A.,ASH,2026-12-12,BALLI-01,presentation,,,,https://www.sec.gov/Archives/edgar/data/1627281/000119312526116428/clls-20251231.htm,0001193125-26-116428,2026-03-20,"Clinical Findings In December 2022, we presented positive preliminary clinical data from the Phase 1 BALLI-01 Study at a Live Webcast during the American Society of Hematology annual meeting.",2026-08-04T14:47:28Z
,1395064,TAKEDA PHARMACEUTICAL CO LTD,ASH,2026-12-12,,presentation,,,,https://www.sec.gov/Archives/edgar/data/1395064/000139506425000164/form6k_120825.htm,0001395064-25-000164,2025-12-08,"TAKEDA PHARMACEUTICAL COMPANY LIMITED Date&#58; December 8, 2025 By&#58; &#47;s&#47; Norimasa Takeda Norimasa Takeda Chief Accounting Officer and Corporate Controller News Release Protagonist and Takeda Present Longer-Term Data at ASH 2025 Showing Rusfertide Delivers Durable Response and Hematocrit Control in Polycythemia Vera OSAKA, Japan, December 8, 2025 &#8211; Takeda (TSE&#58;4502&#47;NYSE&#5",2026-08-04T14:47:29Z
CRIS,1108205,CURIS INC,ASCO GI,2027-01-21,,poster,,,,https://www.sec.gov/Archives/edgar/data/1108205/000110820526000059/a1q26earningspressrelease.htm,0001108205-26-000059,2026-05-12,"Patrick Grierson, Siteman Cancer Center, Washington University in St Louis, presented a poster with initial clinical data in gastric and esophageal cancer at the ASCO Gastrointestinal Cancers Symposium in January 2026.",2026-08-04T14:47:35Z
RIGL,1034842,RIGEL PHARMACEUTICALS INC,ASCO GI,2027-01-21,,poster,,,,https://www.sec.gov/Archives/edgar/data/1034842/000103484226000032/rigl-20260331.htm,0001034842-26-000032,2026-05-05,"In January 2026, initial data from the TAPISTRY study was presented in a poster presentation at the ASCO Gastrointestinal Cancers Symposium.",2026-08-04T14:47:35Z
LEGN,1801198,Legend Biotech Corp,ASCO GI,2027-01-21,LB2102,presentation,,,,https://www.sec.gov/Archives/edgar/data/1801198/000180119826000008/legn-20251231.htm,0001801198-26-000008,2026-03-10,"at the ASCO Gastrointestinal Cancers Symposium (ASCO-GI) ; January 8 &#8211; 10, 2026 LB2102 (United States) In September 2025, data up to dose level (DL) 5 was presented for 15 patients with metastatic, relapsed or refractory SCLC (n=13) or LCNEC (n=2) that progressed following one or more prior lines of standard treatment.",2026-08-04T14:47:36Z
EXEL,939767,"EXELIXIS, INC.",ASCO GI,2027-01-21,,presentation,,,,https://www.sec.gov/Archives/edgar/data/939767/000093976726000021/exel-20260102.htm,0000939767-26-000021,2026-02-10,Preliminary results from a randomized expansion cohort of patients with metastatic CRC (n=107) from STELLAR-001 were presented at the ASCO Gastrointestinal Cancers Symposium in January 2025 (ASCO GI 2025).,2026-08-04T14:47:37Z
BCAX,2023658,Bicara Therapeutics Inc.,ASCO GI,2027-01-21,pembrolizumab,poster,,,,https://www.sec.gov/Archives/edgar/data/2023658/000162828026022010/bcax-20251231.htm,0001628280-26-022010,2026-03-30,Anal squamous cell carcinoma (SCAC) Preliminary data from our Phase 1/1b dose expansion cohort evaluating 1500mg of ficerafusp alfa in combination with pembrolizumab in second-line or later SCAC patients was presented in a poster session at the ASCO Gastrointestinal Cancers Symposium in January 2025.,2026-08-04T14:47:38Z
ZYME,1937653,Zymeworks Inc.,ASCO GI,2027-01-21,GEA-01,oral/late-breaker,,,,https://www.sec.gov/Archives/edgar/data/1937653/000119312526010480/d97670dex991.htm,0001193125-26-010480,2026-01-12,"Ziihera &reg; (zanidatamab-hrii) &nbsp; &nbsp; &#149; &nbsp; Late-breaking HERIZON-GEA-01 clinical data presented at ASCO GI by partner Jazz Pharmaceuticals on January&nbsp;8, 2026.",2026-08-04T14:47:39Z
GLUE,1826457,"Monte Rosa Therapeutics, Inc.",ASCO GU,2027-02-11,MRT-2359,presentation,,,,https://www.sec.gov/Archives/edgar/data/1826457/000119312526005420/glue-20260107.htm,0001193125-26-005420,2026-01-07,&#8226; Present updated data from the ongoing Phase 1/2 study of MRT-2359 at the ASCO Genitourinary Cancers Symposium in February 2026.,2026-08-04T14:47:43Z
BNTX,1776985,BioNTech SE,ASCO GU,2027-02-11,NCT05914116,presentation,,,,https://www.sec.gov/Archives/edgar/data/1776985/000177698526000030/a991_bntxq12026pressreleas.htm,0001776985-26-000030,2026-05-05,"&#8226; In February 2026, updated data from a Phase 1&#47;2 clinical trial ( NCT05914116 ) were presented at the ASCO Genitourinary Cancers Symposium.",2026-08-04T14:47:45Z
EXEL,939767,"EXELIXIS, INC.",ASCO GU,2027-02-11,,presentation,,,,https://www.sec.gov/Archives/edgar/data/939767/000093976726000021/exel-20260102.htm,0000939767-26-000021,2026-02-10,"The trial met one of two primary endpoints, demonstrating a statistically significant improvement in the predefined PFS intent-to-treat population 8 Table of Contents (ITT) (i.e., the first 400 randomized patients), and these data were presented at the ASCO Genitourinary Cancers Symposium in January 2024.",2026-08-04T14:47:46Z
SANA,1770121,"Sana Biotechnology, Inc.",EASD,2026-09-28,,presentation,,,,https://www.sec.gov/Archives/edgar/data/1770121/000119312526342371/sana-ex99_1.htm,0001193125-26-342371,2026-08-10,"&#x2022; 14-month data from the study were presented at the International Society for Stem Cell Research (ISSCR) 2026 Annual Meeting in July 2026, and additional data from the IST will be presented at the European Association for the Study of Diabetes (EASD) Annual Meeting 2026 on October 2.",2026-08-12T18:18:07Z
IPSC,1850119,"Century Therapeutics, Inc.",EASD,2026-09-28,CNTY-813,presentation,,,,https://www.sec.gov/Archives/edgar/data/1850119/000110465926094533/tm2622911d1_ex99-1.htm,0001104659-26-094533,2026-08-12,"&nbsp; CNTY-813 preclinical data selected for oral presentations at congresses this fall &nbsp; &middot; 62 nd Annual Meeting of the European Association for the Study of Diabetes (EASD 2026; Milan,&nbsp;Italy; Presentation #225, Paris Hall, October&nbsp;2 nd , 2026, 10-11 AM CEST) &nbsp; &middot; Breakthrough T1D &reg; Clinical&nbsp;&amp; Research Congress 2026 (CRC 2026; Philadelphia, Pennsylvan",2026-08-12T18:18:09Z
,1372514,KIORA PHARMACEUTICALS INC,AAO,2026-10-09,,presentation,,,,https://www.sec.gov/Archives/edgar/data/1372514/000137251426000074/kprx-20260630.htm,0001372514-26-000074,2026-08-07,Topline data from this trial was presented at the American Academy of Ophthalmology annual meeting in November 2023.,2026-08-12T18:18:13Z
ENTX,1638097,Entera Bio Ltd.,ASBMR,2026-10-09,EB613,oral/late-breaker,,,,https://www.sec.gov/Archives/edgar/data/1638097/000117891326003946/exhibit_99-1.htm,0001178913-26-003946,2026-08-07,"&nbsp; &middot; EB613 Data Selected for Plenary Poster Presentation at ASBMR 2026: In August 2026, Entera announced that new Phase 2 analysis of EB613 in postmenopausal women with osteoporosis at high risk of fracture was selected for a plenary poster presentation at the American Society for Bone and Mineral Research (ASBMR) 2026 Annual Meeting, taking place October 9&ndash;12, 2026 in Boston, Mas",2026-08-12T18:18:16Z
XNCR,1326732,Xencor Inc,ESMO,2026-10-23,,presentation,,,,https://www.sec.gov/Archives/edgar/data/1326732/000132673226000055/xncr-20260805xexx991.htm,0001326732-26-000055,2026-08-05, EX-99.1 2 xncr-20260805xexx991.htm EX-99.1 Document Exhibit 99.1 Xencor Reports Second Quarter 2026 Financial Results -- XmAb819 ccRCC expansion cohorts to be presented in an oral session at ESMO 2026&#59; multiple Phase 1 sub-studies in earlier lines of therapy and additional indications now open for enrollment or planned -- -- XmAb942 enrollment in XENITH-UC remains on track with primary endpoi,2026-08-12T18:18:37Z
ZLAB,1704292,Zai Lab Ltd,ESMO,2026-10-23,ZL-1310,presentation,,,,https://www.sec.gov/Archives/edgar/data/1704292/000162828026053791/zlab-202686x8kex991.htm,0001628280-26-053791,2026-08-06,"3 Anticipated Major Milestones in 2026 and the First Half of 2027 Global Pipeline Expected Clinical Developments and Data Readouts Zocilurtatug Pelitecan (zoci, DLL3-Targeting ADC&#59; formerly ZL-1310) &#8226; First-Line Extensive-Stage Small Cell Lung Cancer (ES-SCLC)&#58; Report initial Phase 1 data evaluating zoci in combination with atezolizumab, with or without chemotherapy, at the European ",2026-08-12T18:18:37Z
SRRK,1727196,Scholar Rock Holding Corp,SITC,2026-11-04,,presentation,,,,https://www.sec.gov/Archives/edgar/data/1727196/000110465926091699/tm2622083-1_424b5.htm,0001104659-26-091699,2026-08-06,"Safety, efficacy and biomarker data were presented in November&#160;2023 at the Society for Immunotherapy of Cancer 38th Annual Meeting and in June&#160;2024 at the ASCO annual meeting.",2026-08-12T18:18:48Z
REPL,1737953,"Replimune Group, Inc.",SITC,2026-11-04,,presentation,,,,https://www.sec.gov/Archives/edgar/data/1737953/000110465926093040/tm2622669-1_424b5.htm,0001104659-26-093040,2026-08-10,"In November&#160;2023 we presented initial data from the ARTACUS trial of RP1 monotherapy in solid organ transplant recipients with skin cancers at the Society for Immunotherapy of Cancer&#8217;s, or SITC, 38th Annual Meeting.",2026-08-12T18:18:52Z
CRVO,1053691,CervoMed Inc.,CTAD,2026-11-16,,presentation,,,,https://www.sec.gov/Archives/edgar/data/1053691/000143774926026771/ex_1002031.htm,0001437749-26-026771,2026-08-10,We also look forward to reporting additional biomarker data from the trial at CTAD in November.,2026-08-12T18:19:39Z
CYTK,1061983,CYTOKINETICS INC,ESC,2026-08-28,,presentation,2026,low,8-K,https://www.sec.gov/Archives/edgar/data/1061983/000095017025113599/cytk-ex99_1.htm,0000950170-25-113599,2025-09-08,"&#x201c;The additional data presented at the ESC Congress 2025 continue to strengthen the evidence base supporting the overall safety profile of aficamten, including as has been observed with a real-world dosing strategy.&#x201d; &#160; Aficamten is an investigational drug candidate currently under regulatory review in the U.S; the Food and Drug Administration (FDA) is reviewing a New Drug Applica",2026-08-23T04:12:20Z
TRML,1827506,"Tourmaline Bio, Inc.",ESC,2026-08-28,,poster,2026,low,8-K,https://www.sec.gov/Archives/edgar/data/1827506/000182750625000096/a08132025exhibit991.htm,0001827506-25-000096,2025-08-13,"Presentations and Publications &#8226; At the European Society of Cardiology (ESC) Congress in Madrid, Spain, Tourmaline will present additional data related to the ongoing TRANQUILITY trial in a poster presentation entitled &#8220;A Multicenter, Randomized, Double-Blind, Placebo-Controlled Ph2 Trial of Pacibekitug SC Quarterly or Monthly in Patients with Elevated hs-CRP and Chronic Kidney Disease",2026-08-23T04:12:22Z
TNYA,1858848,"Tenaya Therapeutics, Inc.",ESC,2026-08-28,,presentation,2026,low,8-K,https://www.sec.gov/Archives/edgar/data/1858848/000119312525273230/tnya-ex99_1.htm,0001193125-25-273230,2025-11-10,"&#x2022; In August 2025, Tenaya presented interim data from the ongoing MyClimb TM natural history study of pediatric patients with MYBPC3- associated hypertrophic cardiomyopathy (HCM) at the European Society of Cardiology Congress.",2026-08-23T04:12:22Z
BBIO,1743881,"BridgeBio Pharma, Inc.",ESC,2026-08-28,,presentation,2026,low,8-K,https://www.sec.gov/Archives/edgar/data/1743881/000174388125000010/bbio-20250930xex991.htm,0001743881-25-000010,2025-10-29,"&#8226; Earlier in the year at the European Society of Cardiology Congress, BridgeBio shared a post-hoc analysis of ATTRibute-CM, demonstrating a significant reduction in risk of CVM through 42 months post-randomization, with a 44% hazard reduction, setting a new standard for CVM outcomes for patients with ATTR-CM.",2026-08-23T04:12:25Z
UTHR,1082554,UNITED THERAPEUTICS Corp,ERS,2026-09-05,TETON-2,presentation,2026,low,8-K,https://www.sec.gov/Archives/edgar/data/1082554/000110465925085976/tm2524831d1_ex99-1.htm,0001104659-25-085976,2025-09-02,"&nbsp; Additional TETON-2 study results will be presented at the European Respiratory Society Congress in Amsterdam on September 28, 2025.",2026-08-23T04:12:34Z
ATYR,1339970,aTYR PHARMA INC,ERS,2026-09-05,,oral/late-breaker,2026,low,8-K,https://www.sec.gov/Archives/edgar/data/1339970/000119312525269486/atyr-ex99_1.htm,0001193125-25-269486,2025-11-06,"&#x2022; Presented the results from the Phase 3 EFZO-FIT&#153; study in a late-breaking oral abstract at the European Respiratory Society Congress 2025, which took place September 27 &#x2013; October 1, 2025, in Amsterdam, Netherlands.",2026-08-23T04:12:35Z
UPB,2022626,"Upstream Bio, Inc.",ERS,2026-09-05,,presentation,2026,low,8-K,https://www.sec.gov/Archives/edgar/data/2022626/000119312525265705/upb-ex99_1.htm,0001193125-25-265705,2025-11-05,"(Nasdaq: UPB), a clinical-stage company developing treatments for inflammatory diseases, with an initial focus on severe respiratory disorders, today reported financial results for the third quarter ended September 30, 2025, and provided a summary of recent business highlights.",2026-08-23T04:12:36Z
CNTB,1835268,Connect Biopharma Holdings Ltd,ERS,2026-09-05,,presentation,2026,low,10-Q,https://www.sec.gov/Archives/edgar/data/1835268/000183526825000058/cntb-20250930.htm,0001835268-25-000058,2025-11-12,"The pricing services utilize industry standard valuation models whereby all significant inputs, including benchmark yields, reported trades, broker/dealer quotes, issuer spreads, bids, offers, or other market-related data, are observable.",2026-08-23T04:12:36Z
ZYME,1937653,Zymeworks Inc.,ERS,2026-09-05,,presentation,2026,low,10-Q,https://www.sec.gov/Archives/edgar/data/1937653/000193765325000077/zyme-20250930.htm,0001937653-25-000077,2025-11-06,"dollar relative to the Canadian dollar and other foreign currencies will have an impact on the reported balances for net assets, net loss and stockholders&#8217; equity in the Company&#8217;s interim condensed consolidated financial statements.",2026-08-23T04:12:37Z
BNTX,1776985,BioNTech SE,WCLC,2026-09-12,,presentation,2026,low,6-K,https://www.sec.gov/Archives/edgar/data/1776985/000177698526000057/a991260820_bntxxwclcxcurta.htm,0001776985-26-000057,2026-08-20,"&#8220;The data we are presenting at this year&#8217;s WCLC provide further clinical evidence for our late-stage assets, gotistobart and pumitamig, and help to define the role of next-generation immunomodulators in addressing unmet medical needs in lung cancer.",2026-08-23T04:12:41Z
CADL,1841387,"Candel Therapeutics, Inc.",ASTRO,2026-09-26,aglatimagene,presentation,2026,low,8-K,https://www.sec.gov/Archives/edgar/data/1841387/000119312526347957/cadl-ex99_1.htm,0001193125-26-347957,2026-08-13,&#x2022; The Company will present an abstract delineating extended biomarker analysis from the phase 3 clinical trial of aglatimagene in patients with localized prostate cancer at the 2026 American Society for Radiation Oncology (ASTRO) Annual Meeting in Q3 2026.,2026-08-23T04:12:45Z
LXRX,1062822,"LEXICON PHARMACEUTICALS, INC.",EASD,2026-09-28,,presentation,2026,low,8-K,https://www.sec.gov/Archives/edgar/data/1062822/000106282225000049/pressreleaseearningsq311-0.htm,0001062822-25-000049,2025-11-06,"&#8226; Key recent data presentation highlights include&#58; &#9702; Oral presentations at the European Association for the Study of Diabetes (EASD) and NEUROdiab Annual Meetings in September 2025, demonstrating that pilavapadin 10 mg resulted in a two-point reduction from baseline in average daily pain scores (ADPS) by week 12 and was generally well tolerated in the PROGRESS Phase 2b study in DPN",2026-08-23T04:12:49Z
AMRN,897448,AMARIN CORP PLC\UK,EASD,2026-09-28,,oral/late-breaker,2026,low,10-Q,https://www.sec.gov/Archives/edgar/data/897448/000119312525254621/amrn-20250930.htm,0001193125-25-254621,2025-10-29,"In September 2025, at the European Association for the Study of Diabetes, or EASD, congress in Vienna, Austria, we supported, along with our global collaborators an oral presentation analyzing the efficacy of IPE across the spectrum of baseline triglyceride to glucose index.",2026-08-23T04:12:50Z
KLRA,2096997,"Kailera Therapeutics, Inc.",EASD,2026-09-28,ribupatide,oral/late-breaker,2026,high,8-K,https://www.sec.gov/Archives/edgar/data/2096997/000119312526346919/ck0002096997-ex99_1.htm,0001193125-26-346919,2026-08-12,"&#160; &#160; &#x2022; Phase 1 ribupatide injection site trial data to be presented at the 2026 European Association for the Study of Diabetes Annual Meeting (EASD): The oral presentation titled &#x201c;Effect of Injection Site on the Relative Bioavailability and Safety of Ribupatide, a Novel Dual GLP-1/GIP Receptor Agonist: Phase 1, Randomized, Single-Dose Crossover Study Results,&#x201d; will de",2026-08-23T04:12:52Z
BMRN,1048477,BIOMARIN PHARMACEUTICAL INC,ASBMR,2026-10-09,,presentation,2026,low,8-K,https://www.sec.gov/Archives/edgar/data/1048477/000104847725000104/earningsrelease-27oct25ex9.htm,0001048477-25-000104,2025-10-27,"Third Quarter 2025 Business Highlights Innovation &#8226; Skeletal Conditions&#58; At the American Society for Bone and Mineral Research (ASBMR) Annual Meeting, investigators shared new data demonstrating improved spinal morphology &#8211; one of the factors that contributes to spinal stenosis, a leading cause of morbidity in achondroplasia &#8211; following treatment with VOXZOGO in children ages",2026-08-23T04:13:01Z
TVTX,1438533,"Travere Therapeutics, Inc.",ASN,2026-10-21,,presentation,2026,low,8-K,https://www.sec.gov/Archives/edgar/data/1438533/000143853325000055/a2025q3_8-kxex991.htm,0001438533-25-000055,2025-10-30,"&#8226; At ASN Kidney Week 2025 (November 6-9), the Company&#8217;s presentations in IgAN will include&#58; &#9702; New data from SPARTAN demonstrating that among RASI-na&#239;ve patients, FILSPARI induced anti-inflammatory and anti-fibrotic effects, regardless of disease severity, as well as favorable effects on cardiovascular risk factors.",2026-08-23T04:13:13Z
UNCY,1766140,"Unicycive Therapeutics, Inc.",ASN,2026-10-21,,presentation,2026,low,8-K,https://www.sec.gov/Archives/edgar/data/1766140/000121390025108847/ea026522701ex99-1_unicycive.htm,0001213900-25-108847,2025-11-12,"&ldquo;Our focus has always been on enhancing the lives of people with hyperphosphatemia, as evidenced by the promising new data presented at ASN Kidney Week 2025 that showcase OLC&rsquo;s differentiated clinical profile and reduced pill burden compared to currently available phosphate binders.",2026-08-23T04:13:13Z
VERA,1831828,"Vera Therapeutics, Inc.",ASN,2026-10-21,,oral/late-breaker,2026,low,8-K,https://www.sec.gov/Archives/edgar/data/1831828/000119312525265799/vera-ex99_1.htm,0001193125-25-265799,2025-11-05, EX-99.1 2 vera-ex99_1.htm EX-99.1 EX-99.1 Exhibit 99.1 &#160; &#160; Vera Therapeutics Provides Business Update and Reports Third Quarter 2025 Financial Results &#x2022; Atacicept IgA nephropathy (IgAN) ORIGIN 3 trial primary endpoint results selected as a featured late-breaking oral presentation during opening plenary session of American Society of Nephrology (ASN) Kidney Week 2025 &#x2022; Biol,2026-08-23T04:13:13Z
ELDN,1404281,"Eledon Pharmaceuticals, Inc.",ASN,2026-10-21,,presentation,2026,low,8-K,https://www.sec.gov/Archives/edgar/data/1404281/000119312525270286/eldn-ex99_1.htm,0001193125-25-270286,2025-11-07,"The Phase 2 results presented at ASN Kidney Week highlight the potential of tegoprubart to deliver strong graft function after kidney transplantation, while avoiding the long-term toxicities often associated with current standard of care,&#x201d; said Andrew Adams, M.D., Ph.D., Professor of Surgery and Chief, Division of Transplantation, John S.",2026-08-23T04:13:14Z
CALC,1534133,"CalciMedica, Inc.",ASN,2026-10-21,,presentation,2026,low,8-K,https://www.sec.gov/Archives/edgar/data/1534133/000119312525275888/ck0001534133-ex99_1.htm,0001193125-25-275888,2025-11-12,"As we approach this milestone, we are encouraged by AKI animal model data recently shared at ASN and results in PAH animal models published in JCI Insight, both of which provide further mechanistic rationale for CRAC channel inhibition as a promising approach for treating AKI,&#x201d; said Rachel Leheny, Ph.D., CEO of CalciMedica.",2026-08-23T04:13:15Z
IRON,1816736,"Disc Medicine, Inc.",ASN,2026-10-21,,presentation,2026,low,424B5,https://www.sec.gov/Archives/edgar/data/1816736/000119312525245368/d271637d424b5.htm,0001193125-25-245368,2025-10-21,We also expect to report data from the multiple dose portion of the Phase 1b trial in patients with non-dialysis dependent CKD and anemia at the American Society of Nephrology (ASN) Kidney Week in November 2025.,2026-08-23T04:13:18Z
CATX,728387,"Perspective Therapeutics, Inc.",ESMO,2026-10-23,,presentation,2026,low,8-K,https://www.sec.gov/Archives/edgar/data/728387/000119312525242912/catx-20251020.htm,0001193125-25-242912,2025-10-20,"(the &#8220;Company&#8221;) issued a press release announcing updated interim results from its Phase 1/2a clinical trial of [ 212 Pb]VMT-&#945;-NET for the treatment and diagnosis of patients with unresectable or metastatic somatostatin receptor subtype 2-expressing neuroendocrine tumors that are being presented at the European Society for Medical Oncology Congress 2025 taking place October 17-21,",2026-08-23T04:13:28Z
NCNA,1709626,NuCana plc,ESMO,2026-10-23,NUC-7738,presentation,2026,low,6-K,https://www.sec.gov/Archives/edgar/data/1709626/000119312525243050/d917681dex991.htm,0001193125-25-243050,2025-10-20,The data presented at ESMO reinforces the mechanism of action for NUC-7738 as observed in the ongoing Phase 1/2 NuTide:701 clinical study.,2026-08-23T04:13:28Z
CGEM,1789972,"Cullinan Therapeutics, Inc.",ESMO,2026-10-23,zipalertinib,presentation,2026,low,10-Q,https://www.sec.gov/Archives/edgar/data/1789972/000095017025104551/cgem-20250630.htm,0000950170-25-104551,2025-08-07,Taiho also plans to share initial data from the REZILIENT2 cohort exploring zipalertinib in patients with active brain metastases at the European Society for Medical Oncology Congress 2025 in October 2025.,2026-08-23T04:13:29Z
ORIC,1796280,"Oric Pharmaceuticals, Inc.",ESMO,2026-10-23,,presentation,2026,low,10-Q,https://www.sec.gov/Archives/edgar/data/1796280/000119312525280234/oric-20250930.htm,0001193125-25-280234,2025-11-13,"We reported initial Phase 1b data from this trial at the European Society for Medical Oncology Congress in October 2023, which demonstrated both systemic and intracranial activity across multiple dose levels in a heavily pre-treated patient population.",2026-08-23T04:13:33Z
NUVL,1861560,"Nuvalent, Inc.",ESMO,2026-10-23,ALKOVE-1,presentation,2026,low,10-Q,https://www.sec.gov/Archives/edgar/data/1861560/000119312525257357/nuvl-20250930.htm,0001193125-25-257357,2025-10-30,"At ESMO in October 2025, we also presented preliminary data for neladalkib in patients with advanced ALK-positive solid tumors outside of NSCLC from the ongoing ALKOVE-1 clinical trial.",2026-08-23T04:13:34Z
NBP,1778016,NovaBridge Biosciences,ESMO,2026-10-23,VIS-101,presentation,2026,low,6-K,https://www.sec.gov/Archives/edgar/data/1778016/000119312526357817/nbp-ex99_1.htm,0001193125-26-357817,2026-08-20,Upcoming catalysts YE26 VIS-101 Initiate Phase 3 neovascular AMD studies US and China DATA READOUT Givastomig Presentation of Phase 1b dose expansion data at ESMO 2026 Givastomig Presentation of randomized Phase 2 data in&#160;1L&#160;GEA Ragistomig Topline data from Phase 1b monotherapy study for solid tumors at ESMO 2026 Thank you www.novabridge.com IR@novabridge.com ,2026-08-23T04:13:39Z
EVAX,1828253,Evaxion A/S,SITC,2026-11-04,EVX-01,presentation,2026,low,6-K,https://www.sec.gov/Archives/edgar/data/1828253/000117184325007140/exh_991.htm,0001171843-25-007140,2025-11-07,&#8220;We are pleased with the opportunity to present these exploratory translational data at a conference as important as SITC as we continue to add to EVX-01&#8217;s strong data package.,2026-08-23T04:13:54Z
MAIA,1878313,"MAIA Biotechnology, Inc.",SITC,2026-11-04,THIO-104,poster,2026,low,8-K,https://www.sec.gov/Archives/edgar/data/1878313/000149315225021195/form8-k.htm,0001493152-25-021195,2025-11-07,(the &#8220;Company&#8221;) has prepared a poster (the &#8220;THIO-104 Poster&#8221;) entitled &#8220;A Phase 3 Study of Ateganosine (THIO) Sequenced with Immune Checkpoint Inhibitor (ICI) versus Standard of Care Chemotherapy in ICI-Resistant Advanced NSCLC: THIO-104 Trial in Progress.&#8221; The THIO-104 Poster is being presented at the Society for Immunotherapy of Cancer conference (SITC 2025) o,2026-08-23T04:13:55Z
XLO,1840233,"Xilio Therapeutics, Inc.",SITC,2026-11-04,,poster,2026,low,8-K,https://www.sec.gov/Archives/edgar/data/1840233/000119312525271189/xlo-20251107.htm,0001193125-25-271189,2025-11-07,These data are presented in poster presentations at the Society for Immunotherapy of Cancer (SITC) 40 th Annual Meeting.,2026-08-23T04:13:55Z
ARVN,1655759,"ARVINAS, INC.",SITC,2026-11-04,ARV-6723,presentation,2026,low,8-K,https://www.sec.gov/Archives/edgar/data/1655759/000162828025049235/q32025earningsrelease.htm,0001628280-25-049235,2025-11-05,ARV-6723&#58; Oral PROTAC HPK1 degrader &#8226; Present preclinical data at the Society for Immunotherapy of Cancer Annual Meeting (Nov.,2026-08-23T04:13:56Z
CBIO,1253689,"CRESCENT BIOPHARMA, INC.",SITC,2026-11-04,CR-001,presentation,2026,low,8-K,https://www.sec.gov/Archives/edgar/data/1253689/000162828025049865/pressrelease-q32025.htm,0001628280-25-049865,2025-11-06,"&#8220;For CR-001, our PD-1 x VEGF bispecific antibody, we are presenting preclinical data at SITC demonstrating cooperative pharmacology and in vivo anti-tumor activity.",2026-08-23T04:13:57Z
BCAX,2023658,Bicara Therapeutics Inc.,SITC,2026-11-04,cetuximab,presentation,2026,low,8-K,https://www.sec.gov/Archives/edgar/data/2023658/000202365825000107/pressreleaseq32025.htm,0002023658-25-000107,2025-11-10,"&#8226; Presented data demonstrating the significantly improved and sustained anti-tumor effects of ficerafusp alfa compared to cetuximab in KRAS&#47;BRAF wild-type MSS CRC cell lines, underscoring the importance of overcoming TGF-&#946;-mediated drug resistance and facilitating immune cell tumor penetration with ficerafusp alfa, at the Society for Immunotherapy of Cancer (SITC) 2025 Annual Meetin",2026-08-23T04:13:58Z
CMPX,1738021,"Compass Therapeutics, Inc.",SITC,2026-11-04,CTX-10726,poster,2026,low,8-K,https://www.sec.gov/Archives/edgar/data/1738021/000117184325007004/exh_991.htm,0001171843-25-007004,2025-11-05,"The preclinical data will be presented this week at the Society for Immunotherapy of Cancer (SITC) 2025 Annual Meeting in a poster presentation titled &#8220;Preclinical Development of CTX-10726, a tetravalent bispecific antibody targeting PD-1 and VEGF-A for the treatment of patients with cancer.&#8221; CTX-471 (CD137 agonist antibody) CTX-471 is a CD137 agonist antibody, which has been shown to ",2026-08-23T04:13:59Z
ELTX,1601485,"Elicio Therapeutics, Inc.",SITC,2026-11-04,ELI-002,presentation,2026,low,8-K,https://www.sec.gov/Archives/edgar/data/1601485/000160148525000123/elicioq325prdraft_111320.htm,0001601485-25-000123,2025-11-13,"Recent Highlights &nbsp; &#61623; In November 2025, Elicio presented updated Phase 2 AMPLIFY-7P data at the Society for Immunotherapy of Cancer&#8217;s Annual Meeting, showing that ELI-002 7P induced mutant KRAS (&#8220;mKRAS&#8221;)-specific T cell responses in 99% (89/90) of evaluable patients with an 86% antigen response rate.",2026-08-23T04:13:59Z
ALXO,1810182,ALX ONCOLOGY HOLDINGS INC,SITC,2026-11-04,ASPEN-06,presentation,2026,low,8-K,https://www.sec.gov/Archives/edgar/data/1810182/000119312525271112/alxo-ex99_1.htm,0001193125-25-271112,2025-11-07,"&#160; &#x201c;We are pleased to share data at SITC this weekend from an analysis of our ASPEN-06 trial demonstrating compelling benefit in all outcomes measured for patients with high CD47-expressing HER2-positive gastric cancer treated with evorpacept in combination with trastuzumab, ramucirumab, and paclitaxel,&#x201d; said Jason Lettmann, Chief Executive Officer at ALX Oncology.",2026-08-23T04:14:00Z
TOVX,894158,"Theriva Biologics, Inc.",SITC,2026-11-04,VCN-01,presentation,2026,low,10-Q,https://www.sec.gov/Archives/edgar/data/894158/000141057825001654/tmb-20250630x10q.htm,0001410578-25-001654,2025-08-11,"On June 22, 2023, at their Cellicon Valley conference, and again at the Society for Immunotherapy of Cancer (SITC) meeting in San Diego, CA on November 3, 2023, and the International Oncolytic Virotherapy Conference (IOVC2023) in Calgary on November 13 2023, University of Pennsylvania investigators presented preliminary clinical safety and pharmacokinetic data from this study highlighting the feas",2026-08-23T04:14:16Z
IMTX,1809196,Immatics N.V.,SITC,2026-11-04,,presentation,2026,low,424B5,https://www.sec.gov/Archives/edgar/data/1809196/000119312525308352/d746192d424b5.htm,0001193125-25-308352,2025-12-05,This presentation will contain updated data on the ongoing Ph1a dose escalation trial for IMA203CD8 (previously released in November 2024 at the Society for Immunotherapy of Cancer Conference).,2026-08-23T04:14:20Z
IOBT,1865494,"IO Biotech, Inc.",SITC,2026-11-04,IOB-022,presentation,2026,low,10-Q,https://www.sec.gov/Archives/edgar/data/1865494/000119312525180860/iobt-20250630.htm,0001193125-25-180860,2025-08-14,"As presented at the Society for Immunotherapy of Cancer (&#8220;SITC&#8221;) annual meeting in Houston, Texas in November 2024, preliminary results from the IOB-022/KN-D38 Phase 1/2 study of IO102-IO103 in combination with pembrolizumab in first line metastatic NSCLC were encouraging.",2026-08-23T04:14:28Z
MTVA,1638287,MetaVia Inc.,AASLD,2026-11-05,DA-1241,presentation,2026,low,8-K,https://www.sec.gov/Archives/edgar/data/1638287/000110465925108179/mtva-20251107xex99d1.htm,0001104659-25-108179,2025-11-07," EX-99.1 2 mtva-20251107xex99d1.htm EX-99.1 Exhibit 99.1 &#8203; &#8203; &#8203; &#8203; MetaVia Presents Positive New Phase 2a Data on Vanoglipel (DA-1241) in Patients with Presumed MASH at the AASLD The Liver Meeting&#174; 2025 &#8203; Oral GPR119 Agonist Demonstrated Clinically Meaningful Reductions in HbA1c, Improvements in Liver Inflammation and Fibrosis, and Favorable Changes in Plasma Lipid",2026-08-23T04:14:43Z
MNPR,1645469,Monopar Therapeutics,AASLD,2026-11-05,,presentation,2026,low,8-K,https://www.sec.gov/Archives/edgar/data/1645469/000143774925033948/ex_885508.htm,0001437749-25-033948,2025-11-10," EX-99.1 2 ex_885508.htm EXHIBIT 99.1 ex_885508.htm Exhibit 99.1 &nbsp; &nbsp; &nbsp; Monopar Presents New Data and Analyses on Rapidly Improved Copper Balance in Wilson Disease Patients on Tiomolybdate Choline at AASLD - The Liver Meeting &#174; 2025 &nbsp; &nbsp; Wilmette, Ill., November 9, 2025 &#8211; Monopar Therapeutics Inc.",2026-08-23T04:14:47Z
GNFT,1757064,Genfit S.A.,AASLD,2026-11-05,,presentation,2026,low,6-K,https://www.sec.gov/Archives/edgar/data/1757064/000117184325006728/exh_991.htm,0001171843-25-006728,2025-10-28,"It develops therapeutic assets which have complementary mechanisms of action, selected to address key pathophysiological &nbsp; &nbsp; 1 https://www.ipsen.com/statement/ipsen-to-present-data-across-five-rare-liver-diseases-at-aasld-2025-3163092/ &nbsp; 3 &nbsp; &nbsp; pathways.",2026-08-23T04:14:48Z
VIR,1706431,"Vir Biotechnology, Inc.",AASLD,2026-11-05,,presentation,2026,low,8-K,https://www.sec.gov/Archives/edgar/data/1706431/000162828025049561/a20251105-q3ex991earningsr.htm,0001628280-25-049561,2025-11-05,"1 &#8226; Following positive data presented at American Association for the Study of Liver Diseases (AASLD) The Liver Meeting &#174; 2024, the Company will present Week 48 endpoint results from its SOLSTICE Phase 2 clinical study, in patients with CHD at AASLD The Liver Meeting &#174; 2025.",2026-08-23T04:14:49Z
PRTA,1559053,PROTHENA CORP PUBLIC LTD CO,AHA,2026-11-06,,oral/late-breaker,2026,low,8-K,https://www.sec.gov/Archives/edgar/data/1559053/000155905325000042/exhibit991q32025earningsre.htm,0001559053-25-000042,2025-11-06,&#8220;We look forward to Novo Nordisk presenting Phase 2 coramitug results in a late-breaking presentation at the American Heart Association Scientific Sessions 2025.,2026-08-23T04:14:54Z
CRDL,1702123,Cardiol Therapeutics Inc.,AHA,2026-11-06,,presentation,2026,low,6-K,https://www.sec.gov/Archives/edgar/data/1702123/000127956926000353/ex991.htm,0001279569-26-000353,2026-04-28,"These findings, presented at the American Heart Association Scientific Sessions 2024, provide a compelling clinical and mechanistic foundation for the ongoing pivotal Phase III program and support the potential for CardiolRx &trade; to address a significant unmet need in recurrent pericarditis.",2026-08-23T04:14:55Z
NTLA,1652130,"Intellia Therapeutics, Inc.",AHA,2026-11-06,,oral/late-breaker,2026,low,8-K,https://www.sec.gov/Archives/edgar/data/1652130/000119312525274596/d12611d8k.htm,0001193125-25-274596,2025-11-10,"These results were shared in a late-breaking oral presentation at the American Heart Association Scientific Sessions 2025 in New Orleans, Louisiana on November&#160;10, 2025.",2026-08-23T04:14:57Z
CRSP,1674416,CRISPR Therapeutics AG,AHA,2026-11-06,CTX310,oral/late-breaker,2026,low,8-K,https://www.sec.gov/Archives/edgar/data/1674416/000119312525273329/crsp-ex99_1.htm,0001193125-25-273329,2025-11-10,"Additionally, positive Phase 1 data for CTX310&#174; presented in a late-breaking presentation at the American Heart Association Scientific Sessions and published in The New England Journal of Medicine , highlight the breadth and potential of our platform to address serious cardiovascular disease.",2026-08-23T04:14:57Z
AMGN,318154,AMGEN INC,AHA,2026-11-06,,presentation,2026,low,8-K,https://www.sec.gov/Archives/edgar/data/318154/000031815425000070/amgn-20250930earningsrelea.htm,0000318154-25-000070,2025-11-04,&#9702; Full results from the trial will be presented at the American Heart Association Scientific Sessions (AHA) on November 8th and will be submitted for publication in a peer-reviewed journal.,2026-08-23T04:14:59Z
MIST,1408443,Milestone Pharmaceuticals Inc.,AHA,2026-11-06,,oral/late-breaker,2026,low,10-Q,https://www.sec.gov/Archives/edgar/data/1408443/000155837025011141/mist-20250630x10q.htm,0001558370-25-011141,2025-08-12,"These results were further presented shortly thereafter, in November 2022, as a Late-Breaking Clinical Trial Session at the American Heart Association Scientific Sessions 2022 (Chicago, IL) and subsequently published in The Lancet (June 2023) .",2026-08-23T04:15:03Z
CABA,1759138,"Cabaletta Bio, Inc.",ACR,2026-11-06,,poster,2026,low,8-K,https://www.sec.gov/Archives/edgar/data/1759138/000119312525250676/caba-ex99_1.htm,0001193125-25-250676,2025-10-27,"These data are being presented in multiple oral and poster presentations at the ongoing American College of Rheumatology (ACR) Convergence 2025, which is being held at the McCormick Place Convention Center in Chicago, Illinois, from October 24-29, 2025.",2026-08-23T04:15:19Z
GLUE,1826457,"Monte Rosa Therapeutics, Inc.",ACR,2026-11-06,,presentation,2026,low,8-K,https://www.sec.gov/Archives/edgar/data/1826457/000119312525268042/glue-ex99_1.htm,0001193125-25-268042,2025-11-06,"Our recent preclinical data presentation at ACR Convergence provides further support for exploration of systemic lupus erythematosus, Sj&ouml;gren's disease, and rheumatoid arthritis, amongst others.",2026-08-23T04:15:20Z
INAB,1740279,"IN8BIO, INC.",ACR,2026-11-06,INB-619,presentation,2026,low,8-K,https://www.sec.gov/Archives/edgar/data/1740279/000119312525269442/inab-ex99_1.htm,0001193125-25-269442,2025-11-06,"Key Highlights: Presented New Preclinical Data on INB-619 at ACR Convergence 2025 &#x2022; IN8bio presented compelling new preclinical data on INB-619, its CD19 targeting &#x3b3;&#x3b4; TCE, at the 2025 American College of Rheumatology (ACR) Convergence Meeting.",2026-08-23T04:15:21Z
KYTX,1994702,"Kyverna Therapeutics, Inc.",ACR,2026-11-06,,presentation,2026,low,10-K,https://www.sec.gov/Archives/edgar/data/1994702/000119312526126242/kytx-20251231.htm,0001193125-26-126242,2026-03-26,"In our compassionate use results summarized at a company symposium at the American College of Rheumatology, or ACR, in November 2024, we reported that we observed no high-grade ICANS or CRS following treatment with miv-cel across all 40 patients with at least 28 days of follow-up as of October 31, 2024.",2026-08-23T04:15:28Z
NKTR,906709,NEKTAR THERAPEUTICS,ACAAI,2026-11-12,,presentation,2026,low,8-K,https://www.sec.gov/Archives/edgar/data/906709/000121390025107180/ea026426101ex99-1_nektar.htm,0001213900-25-107180,2025-11-06,"&ldquo;We will present important new findings from REZOLVE-AD this weekend at the ACAAI Scientific Meeting highlighting the potential of rezpegaldesleukin to treat atopic dermatitis and co-morbid asthma, which occurs in about 25% of atopic dermatitis patients.",2026-08-23T04:15:32Z
ARVN,1655759,"ARVINAS, INC.",ASH,2026-12-12,ARV-393,presentation,2026,low,8-K,https://www.sec.gov/Archives/edgar/data/1655759/000162828025049235/q32025earningsrelease.htm,0001628280-25-049235,2025-11-05,ARV-393&#58; Oral PROTAC BCL6 degrader &#8226; Share preclinical data in combination with glofitamab in models of aggressive high grade DLBCL at the American Society of Hematology Annual Meeting (Dec.,2026-08-23T04:16:24Z
SNTI,1854270,"Senti Biosciences, Inc.",ASH,2026-12-12,SENTI-202,presentation,2026,low,8-K,https://www.sec.gov/Archives/edgar/data/1854270/000162828025052083/ex991snti2025q325earningsr.htm,0001628280-25-052083,2025-11-13," EX-99.1 2 ex991snti2025q325earningsr.htm EX-99.1 Document Exhibit 99.1 Senti Bio Reports Third Quarter 2025 Financial Results and Confirms Next Clinical Data Readout for Phase 1 SENTI-202 Study in Acute Myeloid Leukemia (AML) at the American Society of Hematology Annual Meeting in December South San Francisco, Calif., November 13, 2025 (GLOBE NEWSWIRE) -- Senti Biosciences, Inc.",2026-08-23T04:16:25Z
CRVS,1626971,"Corvus Pharmaceuticals, Inc.",ASH,2026-12-12,,oral/late-breaker,2026,low,8-K,https://www.sec.gov/Archives/edgar/data/1626971/000117184325006973/exh_991.htm,0001171843-25-006973,2025-11-04,"In oncology, our Phase 3 registration clinical trial in PTCL continues to enroll and we are pleased that the final results from the related Phase 1/1b trial will be presented in an oral session at ASH.",2026-08-23T04:16:25Z
AUTL,1730463,Autolus Therapeutics plc,ASH,2026-12-12,,presentation,2026,low,8-K,https://www.sec.gov/Archives/edgar/data/1730463/000173046325000081/autlex-991pr121125.htm,0001730463-25-000081,2025-11-12,"With mounting experience we see physician enthusiasm for AUCATZYL increasing, validated by real world data from the ROCCA Consortium to be presented at the ASH Annual Meeting in December,&#8221; said Dr.",2026-08-23T04:16:26Z
IRON,1816736,"Disc Medicine, Inc.",ASH,2026-12-12,,presentation,2026,low,10-Q,https://www.sec.gov/Archives/edgar/data/1816736/000119312525268200/iron-20250930.htm,0001193125-25-268200,2025-11-06,"The unaudited interim condensed consolidated financial statements have been prepared on the same basis as the audited annual consolidated financial statements, and in the opinion of management, reflect all adjustments, which include only normal recurring adjustments necessary for the fair presentation of the Company&#8217;s financial position as of September 30, 2025 and the results of its operati",2026-08-23T04:16:32Z
SDGR,1490978,"Schrodinger, Inc.",ASH,2026-12-12,SGR-1505,presentation,2026,low,10-Q,https://www.sec.gov/Archives/edgar/data/1490978/000149097825000117/sdgr-20250930.htm,0001490978-25-000117,2025-11-05,We plan to present additional clinical data from our ongoing Phase 1 clinical trial of SGR-1505 at the American Society of Hematology Annual Meeting in December 2025.,2026-08-23T04:16:33Z
